{
"meta":{"test_sets":[],"test_metrics":[],"learn_metrics":[{"best_value":"Min","name":"Logloss"}],"launch_mode":"Train","parameters":"","iteration_count":1000,"learn_sets":["learn"],"name":"experiment"},
"iterations":[
{"learn":[0.6811883139],"iteration":0,"passed_time":0.004073173912,"remaining_time":4.069100738},
{"learn":[0.6725967332],"iteration":1,"passed_time":0.008274307595,"remaining_time":4.12887949},
{"learn":[0.6623722803],"iteration":2,"passed_time":0.01188412049,"remaining_time":3.949489377},
{"learn":[0.6513115105],"iteration":3,"passed_time":0.01572837692,"remaining_time":3.916365852},
{"learn":[0.6424512517],"iteration":4,"passed_time":0.01933329647,"remaining_time":3.847325997},
{"learn":[0.6335435731],"iteration":5,"passed_time":0.02307368762,"remaining_time":3.822540915},
{"learn":[0.6244988647],"iteration":6,"passed_time":0.02672030699,"remaining_time":3.790466406},
{"learn":[0.6157456318],"iteration":7,"passed_time":0.03054842755,"remaining_time":3.788005016},
{"learn":[0.607676899],"iteration":8,"passed_time":0.03440285065,"remaining_time":3.78813611},
{"learn":[0.5995144372],"iteration":9,"passed_time":0.03820813936,"remaining_time":3.782605796},
{"learn":[0.5925746968],"iteration":10,"passed_time":0.0419575368,"remaining_time":3.77236399},
{"learn":[0.5851255053],"iteration":11,"passed_time":0.04600563309,"remaining_time":3.787797124},
{"learn":[0.5782642102],"iteration":12,"passed_time":0.04978743272,"remaining_time":3.780015084},
{"learn":[0.5720979699],"iteration":13,"passed_time":0.0536498199,"remaining_time":3.778480173},
{"learn":[0.5662131064],"iteration":14,"passed_time":0.05721547584,"remaining_time":3.75714958},
{"learn":[0.5603543809],"iteration":15,"passed_time":0.06068969306,"remaining_time":3.732416123},
{"learn":[0.5550887996],"iteration":16,"passed_time":0.0642465736,"remaining_time":3.714963638},
{"learn":[0.5503689155],"iteration":17,"passed_time":0.06786313838,"remaining_time":3.702311216},
{"learn":[0.5463320215],"iteration":18,"passed_time":0.07082028045,"remaining_time":3.656562901},
{"learn":[0.5407029225],"iteration":19,"passed_time":0.07430214085,"remaining_time":3.640804902},
{"learn":[0.5353711538],"iteration":20,"passed_time":0.07793140579,"remaining_time":3.633087918},
{"learn":[0.5308587263],"iteration":21,"passed_time":0.08154016057,"remaining_time":3.624830774},
{"learn":[0.5263780724],"iteration":22,"passed_time":0.08513992951,"remaining_time":3.616596136},
{"learn":[0.5225189273],"iteration":23,"passed_time":0.08891003983,"remaining_time":3.615674953},
{"learn":[0.5187960397],"iteration":24,"passed_time":0.09317871046,"remaining_time":3.633969708},
{"learn":[0.514607735],"iteration":25,"passed_time":0.09704872674,"remaining_time":3.635594609},
{"learn":[0.511059505],"iteration":26,"passed_time":0.1008612055,"remaining_time":3.634738997},
{"learn":[0.5076655799],"iteration":27,"passed_time":0.1044971259,"remaining_time":3.627543086},
{"learn":[0.5045164505],"iteration":28,"passed_time":0.1081467792,"remaining_time":3.621052504},
{"learn":[0.5016275785],"iteration":29,"passed_time":0.1120546646,"remaining_time":3.623100824},
{"learn":[0.4987280956],"iteration":30,"passed_time":0.1159083882,"remaining_time":3.623071878},
{"learn":[0.4962412935],"iteration":31,"passed_time":0.1196382355,"remaining_time":3.619056623},
{"learn":[0.493407597],"iteration":32,"passed_time":0.1235344375,"remaining_time":3.619933365},
{"learn":[0.4905531132],"iteration":33,"passed_time":0.1272411852,"remaining_time":3.615146613},
{"learn":[0.4880073351],"iteration":34,"passed_time":0.1309233693,"remaining_time":3.609744324},
{"learn":[0.485627709],"iteration":35,"passed_time":0.1344826878,"remaining_time":3.60114753},
{"learn":[0.483218693],"iteration":36,"passed_time":0.1409125468,"remaining_time":3.667534663},
{"learn":[0.4811711704],"iteration":37,"passed_time":0.1447025832,"remaining_time":3.663260132},
{"learn":[0.4796437039],"iteration":38,"passed_time":0.149620538,"remaining_time":3.686803514},
{"learn":[0.477709271],"iteration":39,"passed_time":0.1534032621,"remaining_time":3.681678292},
{"learn":[0.475784849],"iteration":40,"passed_time":0.1571161117,"remaining_time":3.674984174},
{"learn":[0.4739329098],"iteration":41,"passed_time":0.1607990663,"remaining_time":3.66775013},
{"learn":[0.4720405773],"iteration":42,"passed_time":0.1644889608,"remaining_time":3.660835709},
{"learn":[0.4703375072],"iteration":43,"passed_time":0.169037405,"remaining_time":3.672721801},
{"learn":[0.4696770967],"iteration":44,"passed_time":0.1733052139,"remaining_time":3.677921762},
{"learn":[0.468329554],"iteration":45,"passed_time":0.1771790495,"remaining_time":3.674539418},
{"learn":[0.4668167463],"iteration":46,"passed_time":0.1811122734,"remaining_time":3.672340353},
{"learn":[0.465185193],"iteration":47,"passed_time":0.1863434667,"remaining_time":3.69581209},
{"learn":[0.4637428408],"iteration":48,"passed_time":0.1924719242,"remaining_time":3.73552653},
{"learn":[0.4622972058],"iteration":49,"passed_time":0.1968116966,"remaining_time":3.739422236},
{"learn":[0.4606928315],"iteration":50,"passed_time":0.2020607407,"remaining_time":3.759914567},
{"learn":[0.4594320889],"iteration":51,"passed_time":0.2060696888,"remaining_time":3.756808942},
{"learn":[0.4581296739],"iteration":52,"passed_time":0.2101118854,"remaining_time":3.754263312},
{"learn":[0.4572398673],"iteration":53,"passed_time":0.2141639974,"remaining_time":3.751835955},
{"learn":[0.4560454398],"iteration":54,"passed_time":0.2182618021,"remaining_time":3.7501346},
{"learn":[0.4549373663],"iteration":55,"passed_time":0.2225514852,"remaining_time":3.751582179},
{"learn":[0.4536857115],"iteration":56,"passed_time":0.2267015691,"remaining_time":3.750518942},
{"learn":[0.4527185801],"iteration":57,"passed_time":0.2312809697,"remaining_time":3.756321957},
{"learn":[0.4517199158],"iteration":58,"passed_time":0.2353096744,"remaining_time":3.752989892},
{"learn":[0.4507319254],"iteration":59,"passed_time":0.2392262816,"remaining_time":3.747878412},
{"learn":[0.4496879301],"iteration":60,"passed_time":0.2429383876,"remaining_time":3.73965813},
{"learn":[0.4486514838],"iteration":61,"passed_time":0.2466067975,"remaining_time":3.730922195},
{"learn":[0.4477231346],"iteration":62,"passed_time":0.2503703455,"remaining_time":3.723762123},
{"learn":[0.4465886407],"iteration":63,"passed_time":0.2539971528,"remaining_time":3.71470836},
{"learn":[0.4453854518],"iteration":64,"passed_time":0.2576480424,"remaining_time":3.706167995},
{"learn":[0.444456656],"iteration":65,"passed_time":0.2613193581,"remaining_time":3.698064855},
{"learn":[0.4435656984],"iteration":66,"passed_time":0.2650786395,"remaining_time":3.691318965},
{"learn":[0.4428308604],"iteration":67,"passed_time":0.2686946416,"remaining_time":3.682697146},
{"learn":[0.4420911674],"iteration":68,"passed_time":0.2734870024,"remaining_time":3.690092743},
{"learn":[0.4413103987],"iteration":69,"passed_time":0.2783473629,"remaining_time":3.698043536},
{"learn":[0.4405643616],"iteration":70,"passed_time":0.2832903154,"remaining_time":3.706714126},
{"learn":[0.4399720967],"iteration":71,"passed_time":0.2874577842,"remaining_time":3.705011441},
{"learn":[0.4393079547],"iteration":72,"passed_time":0.2916231522,"remaining_time":3.70321455},
{"learn":[0.4385908464],"iteration":73,"passed_time":0.2958244609,"remaining_time":3.701803389},
{"learn":[0.4379279018],"iteration":74,"passed_time":0.299976198,"remaining_time":3.699706441},
{"learn":[0.4372545973],"iteration":75,"passed_time":0.3041369585,"remaining_time":3.697665128},
{"learn":[0.4366574037],"iteration":76,"passed_time":0.3081678908,"remaining_time":3.69401251},
{"learn":[0.4359636988],"iteration":77,"passed_time":0.3124066964,"remaining_time":3.69280736},
{"learn":[0.4353825493],"iteration":78,"passed_time":0.3165029322,"remaining_time":3.689863298},
{"learn":[0.4347618673],"iteration":79,"passed_time":0.3207046613,"remaining_time":3.688103604},
{"learn":[0.4340084229],"iteration":80,"passed_time":0.3244491776,"remaining_time":3.681096225},
{"learn":[0.4334081142],"iteration":81,"passed_time":0.3282294855,"remaining_time":3.674569118},
{"learn":[0.4328222657],"iteration":82,"passed_time":0.3319857035,"remaining_time":3.667842049},
{"learn":[0.4322949544],"iteration":83,"passed_time":0.336752569,"remaining_time":3.672206586},
{"learn":[0.4318984009],"iteration":84,"passed_time":0.3420342979,"remaining_time":3.681898619},
{"learn":[0.431320246],"iteration":85,"passed_time":0.3478764513,"remaining_time":3.697198564},
{"learn":[0.4307191904],"iteration":86,"passed_time":0.3527769626,"remaining_time":3.702130654},
{"learn":[0.4301737067],"iteration":87,"passed_time":0.3586333334,"remaining_time":3.716745455},
{"learn":[0.4297837429],"iteration":88,"passed_time":0.3626954602,"remaining_time":3.71253443},
{"learn":[0.4292674799],"iteration":89,"passed_time":0.3664428114,"remaining_time":3.705143982},
{"learn":[0.4287602267],"iteration":90,"passed_time":0.3701709046,"remaining_time":3.697641234},
{"learn":[0.4282591851],"iteration":91,"passed_time":0.3740909975,"remaining_time":3.692115497},
{"learn":[0.427786359],"iteration":92,"passed_time":0.3780467083,"remaining_time":3.686971661},
{"learn":[0.4274445239],"iteration":93,"passed_time":0.382082793,"remaining_time":3.682627771},
{"learn":[0.427080536],"iteration":94,"passed_time":0.3859432185,"remaining_time":3.676616976},
{"learn":[0.4265756039],"iteration":95,"passed_time":0.3922562125,"remaining_time":3.693746001},
{"learn":[0.4261935349],"iteration":96,"passed_time":0.3964089408,"remaining_time":3.690281171},
{"learn":[0.4257835432],"iteration":97,"passed_time":0.4005339721,"remaining_time":3.686547376},
{"learn":[0.4254292042],"iteration":98,"passed_time":0.4045436393,"remaining_time":3.681755748},
{"learn":[0.4251122994],"iteration":99,"passed_time":0.4085840379,"remaining_time":3.677256341},
{"learn":[0.4247325118],"iteration":100,"passed_time":0.4125993047,"remaining_time":3.672542326},
{"learn":[0.4243356731],"iteration":101,"passed_time":0.4169400211,"remaining_time":3.670707245},
{"learn":[0.42396814],"iteration":102,"passed_time":0.4211129106,"remaining_time":3.667361949},
{"learn":[0.4235476007],"iteration":103,"passed_time":0.4280830973,"remaining_time":3.688100531},
{"learn":[0.4231733356],"iteration":104,"passed_time":0.4343841156,"remaining_time":3.702607462},
{"learn":[0.4227741166],"iteration":105,"passed_time":0.4381378478,"remaining_time":3.695238075},
{"learn":[0.422311154],"iteration":106,"passed_time":0.4420277516,"remaining_time":3.68907273},
{"learn":[0.4219143494],"iteration":107,"passed_time":0.4458257821,"remaining_time":3.682190719},
{"learn":[0.4216778857],"iteration":108,"passed_time":0.4496330352,"remaining_time":3.675440682},
{"learn":[0.421330244],"iteration":109,"passed_time":0.453389585,"remaining_time":3.668333915},
{"learn":[0.4210302512],"iteration":110,"passed_time":0.4571705396,"remaining_time":3.661482971},
{"learn":[0.4206466451],"iteration":111,"passed_time":0.4609274216,"remaining_time":3.654495986},
{"learn":[0.4202853238],"iteration":112,"passed_time":0.4645855644,"remaining_time":3.646791112},
{"learn":[0.419961992],"iteration":113,"passed_time":0.4684739724,"remaining_time":3.640946838},
{"learn":[0.4197345435],"iteration":114,"passed_time":0.4720519562,"remaining_time":3.632747663},
{"learn":[0.4193676186],"iteration":115,"passed_time":0.4758033822,"remaining_time":3.625949912},
{"learn":[0.418986555],"iteration":116,"passed_time":0.4797092436,"remaining_time":3.620369762},
{"learn":[0.4186541714],"iteration":117,"passed_time":0.4835199047,"remaining_time":3.614106407},
{"learn":[0.418305913],"iteration":118,"passed_time":0.4872064186,"remaining_time":3.606965166},
{"learn":[0.4180143593],"iteration":119,"passed_time":0.4908330364,"remaining_time":3.599442267},
{"learn":[0.4176368239],"iteration":120,"passed_time":0.4953894602,"remaining_time":3.59873831},
{"learn":[0.4172813673],"iteration":121,"passed_time":0.5009291917,"remaining_time":3.60504779},
{"learn":[0.4169519793],"iteration":122,"passed_time":0.5070153426,"remaining_time":3.615060614},
{"learn":[0.4166351221],"iteration":123,"passed_time":0.5110900556,"remaining_time":3.610603941},
{"learn":[0.4165001393],"iteration":124,"passed_time":0.5148949902,"remaining_time":3.604264931},
{"learn":[0.4162472307],"iteration":125,"passed_time":0.5186952574,"remaining_time":3.597933769},
{"learn":[0.4159700761],"iteration":126,"passed_time":0.5226064571,"remaining_time":3.592405016},
{"learn":[0.4158069212],"iteration":127,"passed_time":0.5252893653,"remaining_time":3.578533801},
{"learn":[0.4155810201],"iteration":128,"passed_time":0.5292089791,"remaining_time":3.573186208},
{"learn":[0.4153554461],"iteration":129,"passed_time":0.5329641994,"remaining_time":3.566760411},
{"learn":[0.4150227196],"iteration":130,"passed_time":0.5368112098,"remaining_time":3.560984285},
{"learn":[0.4149727799],"iteration":131,"passed_time":0.5390056393,"remaining_time":3.544370416},
{"learn":[0.4147192465],"iteration":132,"passed_time":0.5428102349,"remaining_time":3.538469726},
{"learn":[0.4145579253],"iteration":133,"passed_time":0.5464839931,"remaining_time":3.531754761},
{"learn":[0.4143736681],"iteration":134,"passed_time":0.5504977346,"remaining_time":3.527263262},
{"learn":[0.4140763559],"iteration":135,"passed_time":0.5546974706,"remaining_time":3.523960402},
{"learn":[0.4138191568],"iteration":136,"passed_time":0.5586821652,"remaining_time":3.519289843},
{"learn":[0.4135811558],"iteration":137,"passed_time":0.5623667041,"remaining_time":3.51275434},
{"learn":[0.4133923139],"iteration":138,"passed_time":0.5659212521,"remaining_time":3.505454662},
{"learn":[0.4131163958],"iteration":139,"passed_time":0.56963246,"remaining_time":3.499170825},
{"learn":[0.4128860311],"iteration":140,"passed_time":0.5732540004,"remaining_time":3.492377208},
{"learn":[0.4127143116],"iteration":141,"passed_time":0.5769930775,"remaining_time":3.486338454},
{"learn":[0.4124190831],"iteration":142,"passed_time":0.580535638,"remaining_time":3.479154138},
{"learn":[0.4121046129],"iteration":143,"passed_time":0.5845315569,"remaining_time":3.474715366},
{"learn":[0.4120134034],"iteration":144,"passed_time":0.5870102838,"remaining_time":3.461336501},
{"learn":[0.4117572737],"iteration":145,"passed_time":0.5907243724,"remaining_time":3.455332973},
{"learn":[0.411529155],"iteration":146,"passed_time":0.594483757,"remaining_time":3.449623433},
{"learn":[0.4113524529],"iteration":147,"passed_time":0.5982825534,"remaining_time":3.444167131},
{"learn":[0.4111156389],"iteration":148,"passed_time":0.6020463154,"remaining_time":3.438532983},
{"learn":[0.4108797732],"iteration":149,"passed_time":0.6056960669,"remaining_time":3.432277712},
{"learn":[0.4106898345],"iteration":150,"passed_time":0.6097546366,"remaining_time":3.42835554},
{"learn":[0.4104182008],"iteration":151,"passed_time":0.6139190997,"remaining_time":3.425022346},
{"learn":[0.4101474118],"iteration":152,"passed_time":0.6204901472,"remaining_time":3.435001011},
{"learn":[0.4099981714],"iteration":153,"passed_time":0.6244740045,"remaining_time":3.430551999},
{"learn":[0.4097986956],"iteration":154,"passed_time":0.6284915067,"remaining_time":3.426292408},
{"learn":[0.4096449962],"iteration":155,"passed_time":0.6322222802,"remaining_time":3.420484644},
{"learn":[0.4093834253],"iteration":156,"passed_time":0.6360202517,"remaining_time":3.415064154},
{"learn":[0.4091396466],"iteration":157,"passed_time":0.6395780512,"remaining_time":3.408384298},
{"learn":[0.4089728103],"iteration":158,"passed_time":0.6433793484,"remaining_time":3.403031648},
{"learn":[0.4087323874],"iteration":159,"passed_time":0.6471618589,"remaining_time":3.397599759},
{"learn":[0.4085800522],"iteration":160,"passed_time":0.6510193236,"remaining_time":3.39257896},
{"learn":[0.408411466],"iteration":161,"passed_time":0.6547444157,"remaining_time":3.38688778},
{"learn":[0.4082902533],"iteration":162,"passed_time":0.6608744749,"remaining_time":3.393570156},
{"learn":[0.4080489301],"iteration":163,"passed_time":0.6709407842,"remaining_time":3.420161559},
{"learn":[0.4078941834],"iteration":164,"passed_time":0.6746603957,"remaining_time":3.414190487},
{"learn":[0.4077319016],"iteration":165,"passed_time":0.6781508419,"remaining_time":3.407095194},
{"learn":[0.4075966274],"iteration":166,"passed_time":0.6819327266,"remaining_time":3.401496774},
{"learn":[0.4074424615],"iteration":167,"passed_time":0.6856664377,"remaining_time":3.395681406},
{"learn":[0.4071709467],"iteration":168,"passed_time":0.6892382023,"remaining_time":3.389094356},
{"learn":[0.4070127507],"iteration":169,"passed_time":0.6929950462,"remaining_time":3.383446402},
{"learn":[0.4068591267],"iteration":170,"passed_time":0.6965170133,"remaining_time":3.376681895},
{"learn":[0.4067509466],"iteration":171,"passed_time":0.7021180558,"remaining_time":3.379963664},
{"learn":[0.4066239971],"iteration":172,"passed_time":0.7057196646,"remaining_time":3.373584755},
{"learn":[0.4064143061],"iteration":173,"passed_time":0.7093976867,"remaining_time":3.367600513},
{"learn":[0.4061772549],"iteration":174,"passed_time":0.7128923946,"remaining_time":3.360778431},
{"learn":[0.4060382573],"iteration":175,"passed_time":0.7165481084,"remaining_time":3.354747962},
{"learn":[0.4058559273],"iteration":176,"passed_time":0.7203832399,"remaining_time":3.349578567},
{"learn":[0.405703031],"iteration":177,"passed_time":0.7246761309,"remaining_time":3.346538088},
{"learn":[0.4055474991],"iteration":178,"passed_time":0.7284402298,"remaining_time":3.341058261},
{"learn":[0.405362496],"iteration":179,"passed_time":0.732459505,"remaining_time":3.336759967},
{"learn":[0.4051797978],"iteration":180,"passed_time":0.7362661355,"remaining_time":3.331502569},
{"learn":[0.4050659804],"iteration":181,"passed_time":0.7398608152,"remaining_time":3.325308499},
{"learn":[0.4048451915],"iteration":182,"passed_time":0.7438956541,"remaining_time":3.32110792},
{"learn":[0.4046631218],"iteration":183,"passed_time":0.7478701388,"remaining_time":3.316641485},
{"learn":[0.404471292],"iteration":184,"passed_time":0.7516889758,"remaining_time":3.311494677},
{"learn":[0.4042161607],"iteration":185,"passed_time":0.7555687937,"remaining_time":3.306629022},
{"learn":[0.4039507245],"iteration":186,"passed_time":0.7593120565,"remaining_time":3.301180224},
{"learn":[0.4038444255],"iteration":187,"passed_time":0.7630172452,"remaining_time":3.295585123},
{"learn":[0.4035997734],"iteration":188,"passed_time":0.7665047317,"remaining_time":3.289075859},
{"learn":[0.4033735066],"iteration":189,"passed_time":0.7701164344,"remaining_time":3.283127957},
{"learn":[0.4031710821],"iteration":190,"passed_time":0.7737084175,"remaining_time":3.277120993},
{"learn":[0.4029714217],"iteration":191,"passed_time":0.7773635673,"remaining_time":3.271405012},
{"learn":[0.4027915598],"iteration":192,"passed_time":0.7808929876,"remaining_time":3.265184668},
{"learn":[0.4025947536],"iteration":193,"passed_time":0.7845753444,"remaining_time":3.259627462},
{"learn":[0.4024209904],"iteration":194,"passed_time":0.7881946699,"remaining_time":3.253829278},
{"learn":[0.4022551038],"iteration":195,"passed_time":0.7916763326,"remaining_time":3.24748863},
{"learn":[0.4020554368],"iteration":196,"passed_time":0.7951235505,"remaining_time":3.241036604},
{"learn":[0.4018914178],"iteration":197,"passed_time":0.7988047883,"remaining_time":3.235562829},
{"learn":[0.4016173068],"iteration":198,"passed_time":0.8023641805,"remaining_time":3.229616626},
{"learn":[0.4014645466],"iteration":199,"passed_time":0.8058665025,"remaining_time":3.22346601},
{"learn":[0.4012437598],"iteration":200,"passed_time":0.8095535695,"remaining_time":3.218076129},
{"learn":[0.4011352566],"iteration":201,"passed_time":0.8134182351,"remaining_time":3.213404711},
{"learn":[0.40112789],"iteration":202,"passed_time":0.8155680636,"remaining_time":3.202008605},
{"learn":[0.4009437249],"iteration":203,"passed_time":0.8199699733,"remaining_time":3.19949068},
{"learn":[0.4008377251],"iteration":204,"passed_time":0.8253181706,"remaining_time":3.200624125},
{"learn":[0.4006798323],"iteration":205,"passed_time":0.8336934,"remaining_time":3.21336194},
{"learn":[0.4005671133],"iteration":206,"passed_time":0.8380231325,"remaining_time":3.210397798},
{"learn":[0.4004711392],"iteration":207,"passed_time":0.8415068115,"remaining_time":3.204199013},
{"learn":[0.4002144387],"iteration":208,"passed_time":0.8450090425,"remaining_time":3.198096424},
{"learn":[0.4000683951],"iteration":209,"passed_time":0.8488597622,"remaining_time":3.193329582},
{"learn":[0.3998650168],"iteration":210,"passed_time":0.852564744,"remaining_time":3.18802646},
{"learn":[0.3996540234],"iteration":211,"passed_time":0.856134702,"remaining_time":3.182236534},
{"learn":[0.3995704305],"iteration":212,"passed_time":0.8597092247,"remaining_time":3.176484318},
{"learn":[0.3994609405],"iteration":213,"passed_time":0.8634370293,"remaining_time":3.171315444},
{"learn":[0.3992994091],"iteration":214,"passed_time":0.8670805598,"remaining_time":3.165852276},
{"learn":[0.3991959639],"iteration":215,"passed_time":0.8707610108,"remaining_time":3.160539965},
{"learn":[0.3990678132],"iteration":216,"passed_time":0.8743137811,"remaining_time":3.154781984},
{"learn":[0.3988719942],"iteration":217,"passed_time":0.8778902164,"remaining_time":3.149129125},
{"learn":[0.3987081643],"iteration":218,"passed_time":0.8818468245,"remaining_time":3.144851004},
{"learn":[0.3986473914],"iteration":219,"passed_time":0.8856033351,"remaining_time":3.13986637},
{"learn":[0.398452089],"iteration":220,"passed_time":0.8895725229,"remaining_time":3.135642513},
{"learn":[0.3982213518],"iteration":221,"passed_time":0.8934886792,"remaining_time":3.131235101},
{"learn":[0.3980918534],"iteration":222,"passed_time":0.8973502896,"remaining_time":3.12664204},
{"learn":[0.397928575],"iteration":223,"passed_time":0.9013520418,"remaining_time":3.122541002},
{"learn":[0.3978238607],"iteration":224,"passed_time":0.9053900841,"remaining_time":3.118565845},
{"learn":[0.3976364585],"iteration":225,"passed_time":0.9093155089,"remaining_time":3.114204442},
{"learn":[0.3975394209],"iteration":226,"passed_time":0.9132174024,"remaining_time":3.109766749},
{"learn":[0.3973901269],"iteration":227,"passed_time":0.9169509376,"remaining_time":3.104763701},
{"learn":[0.3972605599],"iteration":228,"passed_time":0.9209115222,"remaining_time":3.100536173},
{"learn":[0.3970269198],"iteration":229,"passed_time":0.9252628103,"remaining_time":3.097618974},
{"learn":[0.3969917775],"iteration":230,"passed_time":0.9282376659,"remaining_time":3.090107208},
{"learn":[0.3968195931],"iteration":231,"passed_time":0.9323453982,"remaining_time":3.086384767},
{"learn":[0.3966286094],"iteration":232,"passed_time":0.9362810952,"remaining_time":3.082092704},
{"learn":[0.3964542551],"iteration":233,"passed_time":0.9397606748,"remaining_time":3.076310585},
{"learn":[0.3962835012],"iteration":234,"passed_time":0.9433868677,"remaining_time":3.071025335},
{"learn":[0.3960391306],"iteration":235,"passed_time":0.9470632807,"remaining_time":3.065916722},
{"learn":[0.3959102974],"iteration":236,"passed_time":0.9507039477,"remaining_time":3.060705114},
{"learn":[0.3957346545],"iteration":237,"passed_time":0.9542337999,"remaining_time":3.055151914},
{"learn":[0.3955747368],"iteration":238,"passed_time":0.9578141618,"remaining_time":3.049776473},
{"learn":[0.3954126479],"iteration":239,"passed_time":0.9614025046,"remaining_time":3.044441264},
{"learn":[0.3953303944],"iteration":240,"passed_time":0.964947574,"remaining_time":3.038984268},
{"learn":[0.3952248316],"iteration":241,"passed_time":0.9699173831,"remaining_time":3.038005687},
{"learn":[0.3950818305],"iteration":242,"passed_time":0.9734369685,"remaining_time":3.032476482},
{"learn":[0.3949327792],"iteration":243,"passed_time":0.9771738621,"remaining_time":3.027637048},
{"learn":[0.3948482497],"iteration":244,"passed_time":0.9809684869,"remaining_time":3.022984521},
{"learn":[0.3946277188],"iteration":245,"passed_time":0.9849486463,"remaining_time":3.018907639},
{"learn":[0.3944839669],"iteration":246,"passed_time":0.9923682272,"remaining_time":3.025316903},
{"learn":[0.3943028221],"iteration":247,"passed_time":0.9962908736,"remaining_time":3.021011036},
{"learn":[0.3940950922],"iteration":248,"passed_time":1.000188748,"remaining_time":3.016633534},
{"learn":[0.3939170739],"iteration":249,"passed_time":1.004106109,"remaining_time":3.012318326},
{"learn":[0.3937817243],"iteration":250,"passed_time":1.008451182,"remaining_time":3.009282609},
{"learn":[0.393615281],"iteration":251,"passed_time":1.012897119,"remaining_time":3.006535894},
{"learn":[0.3934275656],"iteration":252,"passed_time":1.016838703,"remaining_time":3.002286606},
{"learn":[0.3933238929],"iteration":253,"passed_time":1.020860727,"remaining_time":2.998275994},
{"learn":[0.3931911029],"iteration":254,"passed_time":1.024840175,"remaining_time":2.994140904},
{"learn":[0.3930363403],"iteration":255,"passed_time":1.028532806,"remaining_time":2.989173468},
{"learn":[0.3929608124],"iteration":256,"passed_time":1.03388767,"remaining_time":2.989021552},
{"learn":[0.3928676244],"iteration":257,"passed_time":1.037826122,"remaining_time":2.984755747},
{"learn":[0.3927074153],"iteration":258,"passed_time":1.041851971,"remaining_time":2.980742513},
{"learn":[0.3925805664],"iteration":259,"passed_time":1.046101846,"remaining_time":2.977366793},
{"learn":[0.3924826546],"iteration":260,"passed_time":1.050281917,"remaining_time":2.97378673},
{"learn":[0.3923533045],"iteration":261,"passed_time":1.054522204,"remaining_time":2.970371704},
{"learn":[0.3922262993],"iteration":262,"passed_time":1.058275491,"remaining_time":2.965585692},
{"learn":[0.3920423032],"iteration":263,"passed_time":1.062467571,"remaining_time":2.962030804},
{"learn":[0.3919176718],"iteration":264,"passed_time":1.066482415,"remaining_time":2.957979527},
{"learn":[0.3918417384],"iteration":265,"passed_time":1.070202078,"remaining_time":2.953114005},
{"learn":[0.3917622962],"iteration":266,"passed_time":1.073804304,"remaining_time":2.947934662},
{"learn":[0.3915194052],"iteration":267,"passed_time":1.078041872,"remaining_time":2.944502427},
{"learn":[0.3913402184],"iteration":268,"passed_time":1.082003403,"remaining_time":2.940314079},
{"learn":[0.3912033515],"iteration":269,"passed_time":1.08586348,"remaining_time":2.935853111},
{"learn":[0.3911236148],"iteration":270,"passed_time":1.089588717,"remaining_time":2.931033854},
{"learn":[0.3909928418],"iteration":271,"passed_time":1.093275779,"remaining_time":2.926120466},
{"learn":[0.3908024711],"iteration":272,"passed_time":1.096979087,"remaining_time":2.921259328},
{"learn":[0.3907121953],"iteration":273,"passed_time":1.100644176,"remaining_time":2.916305372},
{"learn":[0.3905746672],"iteration":274,"passed_time":1.104773619,"remaining_time":2.912584996},
{"learn":[0.3905050107],"iteration":275,"passed_time":1.108843784,"remaining_time":2.908706159},
{"learn":[0.3903529228],"iteration":276,"passed_time":1.113060657,"remaining_time":2.905208863},
{"learn":[0.3902211431],"iteration":277,"passed_time":1.117697655,"remaining_time":2.902797508},
{"learn":[0.390060077],"iteration":278,"passed_time":1.122364646,"remaining_time":2.900447705},
{"learn":[0.3899890983],"iteration":279,"passed_time":1.12661837,"remaining_time":2.897018665},
{"learn":[0.3898401935],"iteration":280,"passed_time":1.130551981,"remaining_time":2.892764678},
{"learn":[0.3897494317],"iteration":281,"passed_time":1.134456345,"remaining_time":2.888438496},
{"learn":[0.3897132725],"iteration":282,"passed_time":1.13914159,"remaining_time":2.88609371},
{"learn":[0.3895895239],"iteration":283,"passed_time":1.14297754,"remaining_time":2.881591264},
{"learn":[0.3894743259],"iteration":284,"passed_time":1.146728226,"remaining_time":2.876879584},
{"learn":[0.3893178745],"iteration":285,"passed_time":1.154284531,"remaining_time":2.881675368},
{"learn":[0.3892023952],"iteration":286,"passed_time":1.162259116,"remaining_time":2.887424216},
{"learn":[0.3889734089],"iteration":287,"passed_time":1.166039109,"remaining_time":2.882707798},
{"learn":[0.3889110992],"iteration":288,"passed_time":1.168806914,"remaining_time":2.875507667},
{"learn":[0.3887783479],"iteration":289,"passed_time":1.172643821,"remaining_time":2.870955562},
{"learn":[0.3887331985],"iteration":290,"passed_time":1.176274667,"remaining_time":2.86590632},
{"learn":[0.3885566689],"iteration":291,"passed_time":1.180420773,"remaining_time":2.86211612},
{"learn":[0.3883448846],"iteration":292,"passed_time":1.184047662,"remaining_time":2.857070637},
{"learn":[0.3883446812],"iteration":293,"passed_time":1.186297105,"remaining_time":2.848727062},
{"learn":[0.3882032363],"iteration":294,"passed_time":1.190140258,"remaining_time":2.844233498},
{"learn":[0.3881508881],"iteration":295,"passed_time":1.193669377,"remaining_time":2.838997437},
{"learn":[0.3878907614],"iteration":296,"passed_time":1.197771462,"remaining_time":2.835129083},
{"learn":[0.3877807453],"iteration":297,"passed_time":1.201748179,"remaining_time":2.830963831},
{"learn":[0.3876365282],"iteration":298,"passed_time":1.20976111,"remaining_time":2.83626267},
{"learn":[0.3875529847],"iteration":299,"passed_time":1.214776628,"remaining_time":2.8344788},
{"learn":[0.3873978148],"iteration":300,"passed_time":1.219514677,"remaining_time":2.832029099},
{"learn":[0.387341442],"iteration":301,"passed_time":1.223661089,"remaining_time":2.828196821},
{"learn":[0.3871826747],"iteration":302,"passed_time":1.22760557,"remaining_time":2.823897962},
{"learn":[0.3871356817],"iteration":303,"passed_time":1.231362707,"remaining_time":2.819172513},
{"learn":[0.3870683354],"iteration":304,"passed_time":1.235377499,"remaining_time":2.815040531},
{"learn":[0.3869806605],"iteration":305,"passed_time":1.239197331,"remaining_time":2.810467149},
{"learn":[0.3868815789],"iteration":306,"passed_time":1.243166778,"remaining_time":2.806236408},
{"learn":[0.3867422683],"iteration":307,"passed_time":1.247284688,"remaining_time":2.802340923},
{"learn":[0.3866061073],"iteration":308,"passed_time":1.251206855,"remaining_time":2.798006268},
{"learn":[0.3864279965],"iteration":309,"passed_time":1.254980023,"remaining_time":2.793342631},
{"learn":[0.3862296758],"iteration":310,"passed_time":1.258508481,"remaining_time":2.788142584},
{"learn":[0.3861010289],"iteration":311,"passed_time":1.262447412,"remaining_time":2.783858395},
{"learn":[0.3859923057],"iteration":312,"passed_time":1.265981015,"remaining_time":2.778686765},
{"learn":[0.3858807706],"iteration":313,"passed_time":1.269597728,"remaining_time":2.773707139},
{"learn":[0.3856929066],"iteration":314,"passed_time":1.273193349,"remaining_time":2.768690299},
{"learn":[0.3856069865],"iteration":315,"passed_time":1.276745576,"remaining_time":2.763588524},
{"learn":[0.3854692358],"iteration":316,"passed_time":1.280292303,"remaining_time":2.758484677},
{"learn":[0.3853619686],"iteration":317,"passed_time":1.283865717,"remaining_time":2.753447859},
{"learn":[0.3852179651],"iteration":318,"passed_time":1.287621418,"remaining_time":2.74880936},
{"learn":[0.3850989169],"iteration":319,"passed_time":1.292314848,"remaining_time":2.746169053},
{"learn":[0.3849806738],"iteration":320,"passed_time":1.296016743,"remaining_time":2.741418594},
{"learn":[0.3848646044],"iteration":321,"passed_time":1.299910315,"remaining_time":2.73707824},
{"learn":[0.3846992607],"iteration":322,"passed_time":1.303589143,"remaining_time":2.732290556},
{"learn":[0.3845879196],"iteration":323,"passed_time":1.307333029,"remaining_time":2.727645456},
{"learn":[0.3844506941],"iteration":324,"passed_time":1.310991359,"remaining_time":2.722828206},
{"learn":[0.3843059387],"iteration":325,"passed_time":1.315627015,"remaining_time":2.720038675},
{"learn":[0.3841303107],"iteration":326,"passed_time":1.320747327,"remaining_time":2.718235325},
{"learn":[0.3839702541],"iteration":327,"passed_time":1.324374688,"remaining_time":2.713353019},
{"learn":[0.3838322828],"iteration":328,"passed_time":1.327972129,"remaining_time":2.708417321},
{"learn":[0.3837299619],"iteration":329,"passed_time":1.333551651,"remaining_time":2.707513959},
{"learn":[0.3836478038],"iteration":330,"passed_time":1.339542445,"remaining_time":2.707413582},
{"learn":[0.3835660735],"iteration":331,"passed_time":1.34323458,"remaining_time":2.702652708},
{"learn":[0.383413185],"iteration":332,"passed_time":1.346867246,"remaining_time":2.697779139},
{"learn":[0.3832135779],"iteration":333,"passed_time":1.350420487,"remaining_time":2.692754624},
{"learn":[0.3830931472],"iteration":334,"passed_time":1.354006567,"remaining_time":2.687804081},
{"learn":[0.3829391124],"iteration":335,"passed_time":1.357537157,"remaining_time":2.682752001},
{"learn":[0.3828560903],"iteration":336,"passed_time":1.361148247,"remaining_time":2.677867323},
{"learn":[0.3826976924],"iteration":337,"passed_time":1.364893799,"remaining_time":2.673253536},
{"learn":[0.3825673677],"iteration":338,"passed_time":1.368651157,"remaining_time":2.66866789},
{"learn":[0.3823575207],"iteration":339,"passed_time":1.372275825,"remaining_time":2.663829543},
{"learn":[0.3822264227],"iteration":340,"passed_time":1.37587447,"remaining_time":2.658948023},
{"learn":[0.3821255426],"iteration":341,"passed_time":1.379416214,"remaining_time":2.653964529},
{"learn":[0.3820033429],"iteration":342,"passed_time":1.383129794,"remaining_time":2.649318584},
{"learn":[0.3819104294],"iteration":343,"passed_time":1.386790846,"remaining_time":2.644577892},
{"learn":[0.3817214313],"iteration":344,"passed_time":1.390456942,"remaining_time":2.639853035},
{"learn":[0.3815751262],"iteration":345,"passed_time":1.394006635,"remaining_time":2.634914275},
{"learn":[0.3814634273],"iteration":346,"passed_time":1.39754658,"remaining_time":2.629965178},
{"learn":[0.3813499209],"iteration":347,"passed_time":1.401011822,"remaining_time":2.624884219},
{"learn":[0.381132705],"iteration":348,"passed_time":1.404825456,"remaining_time":2.620462383},
{"learn":[0.3809859612],"iteration":349,"passed_time":1.40874868,"remaining_time":2.616247549},
{"learn":[0.3808719761],"iteration":350,"passed_time":1.41255281,"remaining_time":2.611814171},
{"learn":[0.3806786984],"iteration":351,"passed_time":1.416389902,"remaining_time":2.607445046},
{"learn":[0.3805139917],"iteration":352,"passed_time":1.420187321,"remaining_time":2.603006223},
{"learn":[0.3803423888],"iteration":353,"passed_time":1.424073856,"remaining_time":2.598733646},
{"learn":[0.3802360658],"iteration":354,"passed_time":1.427960381,"remaining_time":2.594463227},
{"learn":[0.3801005637],"iteration":355,"passed_time":1.431964884,"remaining_time":2.590408385},
{"learn":[0.3799684477],"iteration":356,"passed_time":1.435829633,"remaining_time":2.586102113},
{"learn":[0.3798159946],"iteration":357,"passed_time":1.439759566,"remaining_time":2.581915199},
{"learn":[0.3796718775],"iteration":358,"passed_time":1.443825325,"remaining_time":2.577972238},
{"learn":[0.3795437973],"iteration":359,"passed_time":1.447694765,"remaining_time":2.573679583},
{"learn":[0.3794116885],"iteration":360,"passed_time":1.45173014,"remaining_time":2.56968299},
{"learn":[0.3793025776],"iteration":361,"passed_time":1.456000231,"remaining_time":2.566099854},
{"learn":[0.3792178741],"iteration":362,"passed_time":1.460330946,"remaining_time":2.562619319},
{"learn":[0.3791123504],"iteration":363,"passed_time":1.464276445,"remaining_time":2.558461041},
{"learn":[0.3789891009],"iteration":364,"passed_time":1.468248737,"remaining_time":2.554350543},
{"learn":[0.3788703272],"iteration":365,"passed_time":1.472149578,"remaining_time":2.550117029},
{"learn":[0.3787200012],"iteration":366,"passed_time":1.47640745,"remaining_time":2.546501133},
{"learn":[0.3785888961],"iteration":367,"passed_time":1.482005594,"remaining_time":2.54518352},
{"learn":[0.3784361428],"iteration":368,"passed_time":1.494110996,"remaining_time":2.554970294},
{"learn":[0.3782754305],"iteration":369,"passed_time":1.497851133,"remaining_time":2.550395172},
{"learn":[0.3781484122],"iteration":370,"passed_time":1.501603681,"remaining_time":2.545845594},
{"learn":[0.377999621],"iteration":371,"passed_time":1.505673912,"remaining_time":2.541836605},
{"learn":[0.3779476268],"iteration":372,"passed_time":1.509990112,"remaining_time":2.538240751},
{"learn":[0.3778677133],"iteration":373,"passed_time":1.513922127,"remaining_time":2.533997999},
{"learn":[0.3777016131],"iteration":374,"passed_time":1.519419494,"remaining_time":2.532365823},
{"learn":[0.3775558396],"iteration":375,"passed_time":1.529960818,"remaining_time":2.539083911},
{"learn":[0.3774573121],"iteration":376,"passed_time":1.534295187,"remaining_time":2.53545332},
{"learn":[0.3773764755],"iteration":377,"passed_time":1.538298039,"remaining_time":2.531273493},
{"learn":[0.3772875491],"iteration":378,"passed_time":1.542115399,"remaining_time":2.526790668},
{"learn":[0.3771990543],"iteration":379,"passed_time":1.545666191,"remaining_time":2.521876417},
{"learn":[0.3770796784],"iteration":380,"passed_time":1.549387426,"remaining_time":2.517246238},
{"learn":[0.3769623967],"iteration":381,"passed_time":1.553058284,"remaining_time":2.512539318},
{"learn":[0.3768233245],"iteration":382,"passed_time":1.556583169,"remaining_time":2.507602651},
{"learn":[0.3766009545],"iteration":383,"passed_time":1.560206554,"remaining_time":2.502831347},
{"learn":[0.3765209564],"iteration":384,"passed_time":1.563690947,"remaining_time":2.49784398},
{"learn":[0.3763934478],"iteration":385,"passed_time":1.567334131,"remaining_time":2.493116985},
{"learn":[0.3762580408],"iteration":386,"passed_time":1.570827562,"remaining_time":2.488158386},
{"learn":[0.376140866],"iteration":387,"passed_time":1.574416354,"remaining_time":2.483357755},
{"learn":[0.3760759472],"iteration":388,"passed_time":1.578259963,"remaining_time":2.478963592},
{"learn":[0.375997157],"iteration":389,"passed_time":1.581892902,"remaining_time":2.474242744},
{"learn":[0.3759190067],"iteration":390,"passed_time":1.585614277,"remaining_time":2.469665204},
{"learn":[0.3757468757],"iteration":391,"passed_time":1.589220101,"remaining_time":2.464912809},
{"learn":[0.375616296],"iteration":392,"passed_time":1.592771496,"remaining_time":2.460082184},
{"learn":[0.3754906401],"iteration":393,"passed_time":1.596276192,"remaining_time":2.455186224},
{"learn":[0.3753265429],"iteration":394,"passed_time":1.599839947,"remaining_time":2.450387767},
{"learn":[0.3752381125],"iteration":395,"passed_time":1.60343156,"remaining_time":2.445638036},
{"learn":[0.3750996071],"iteration":396,"passed_time":1.606965951,"remaining_time":2.440807225},
{"learn":[0.3749480748],"iteration":397,"passed_time":1.610475968,"remaining_time":2.435946062},
{"learn":[0.3747959748],"iteration":398,"passed_time":1.61417884,"remaining_time":2.431382163},
{"learn":[0.3746836929],"iteration":399,"passed_time":1.617734694,"remaining_time":2.426602041},
{"learn":[0.374528465],"iteration":400,"passed_time":1.621439864,"remaining_time":2.422051068},
{"learn":[0.3744010047],"iteration":401,"passed_time":1.625041846,"remaining_time":2.417350806},
{"learn":[0.3742651274],"iteration":402,"passed_time":1.628648956,"remaining_time":2.41266359},
{"learn":[0.3741042665],"iteration":403,"passed_time":1.632510706,"remaining_time":2.408357379},
{"learn":[0.3739818842],"iteration":404,"passed_time":1.636272854,"remaining_time":2.403907033},
{"learn":[0.3738981822],"iteration":405,"passed_time":1.641545577,"remaining_time":2.401670129},
{"learn":[0.3736918309],"iteration":406,"passed_time":1.64583972,"remaining_time":2.397992516},
{"learn":[0.3735642557],"iteration":407,"passed_time":1.65111551,"remaining_time":2.395736229},
{"learn":[0.3734420139],"iteration":408,"passed_time":1.654814364,"remaining_time":2.391186525},
{"learn":[0.3733118816],"iteration":409,"passed_time":1.658466672,"remaining_time":2.386573992},
{"learn":[0.3731892341],"iteration":410,"passed_time":1.662129993,"remaining_time":2.381981912},
{"learn":[0.3730869963],"iteration":411,"passed_time":1.665805226,"remaining_time":2.377411341},
{"learn":[0.3729635985],"iteration":412,"passed_time":1.669582887,"remaining_time":2.372990689},
{"learn":[0.3728812122],"iteration":413,"passed_time":1.673129872,"remaining_time":2.36824663},
{"learn":[0.3728016543],"iteration":414,"passed_time":1.676666835,"remaining_time":2.363494213},
{"learn":[0.3727117705],"iteration":415,"passed_time":1.680606608,"remaining_time":2.359313123},
{"learn":[0.3726183621],"iteration":416,"passed_time":1.684211606,"remaining_time":2.354665147},
{"learn":[0.3724991552],"iteration":417,"passed_time":1.687964405,"remaining_time":2.350227951},
{"learn":[0.372386926],"iteration":418,"passed_time":1.69191651,"remaining_time":2.346070387},
{"learn":[0.3722721858],"iteration":419,"passed_time":1.695700572,"remaining_time":2.341681743},
{"learn":[0.3720991507],"iteration":420,"passed_time":1.699300734,"remaining_time":2.337043053},
{"learn":[0.3720050771],"iteration":421,"passed_time":1.702958731,"remaining_time":2.332488499},
{"learn":[0.3718978562],"iteration":422,"passed_time":1.706494255,"remaining_time":2.327771123},
{"learn":[0.3718252852],"iteration":423,"passed_time":1.709966189,"remaining_time":2.322972935},
{"learn":[0.3716579877],"iteration":424,"passed_time":1.713616956,"remaining_time":2.31842294},
{"learn":[0.3715273244],"iteration":425,"passed_time":1.717194731,"remaining_time":2.313778816},
{"learn":[0.3714262832],"iteration":426,"passed_time":1.720962019,"remaining_time":2.309393998},
{"learn":[0.3712780467],"iteration":427,"passed_time":1.724951738,"remaining_time":2.305309332},
{"learn":[0.3711206417],"iteration":428,"passed_time":1.728756905,"remaining_time":2.300979471},
{"learn":[0.3709282134],"iteration":429,"passed_time":1.732349493,"remaining_time":2.296370259},
{"learn":[0.37084605],"iteration":430,"passed_time":1.736189231,"remaining_time":2.292092047},
{"learn":[0.3707404635],"iteration":431,"passed_time":1.739899726,"remaining_time":2.287645936},
{"learn":[0.3705928802],"iteration":432,"passed_time":1.743482969,"remaining_time":2.28303659},
{"learn":[0.3704570727],"iteration":433,"passed_time":1.74741837,"remaining_time":2.278891239},
{"learn":[0.3702999557],"iteration":434,"passed_time":1.751036311,"remaining_time":2.274334519},
{"learn":[0.3701908592],"iteration":435,"passed_time":1.754790836,"remaining_time":2.269958788},
{"learn":[0.370071961],"iteration":436,"passed_time":1.75878417,"remaining_time":2.265893564},
{"learn":[0.3699382302],"iteration":437,"passed_time":1.762978571,"remaining_time":2.262086659},
{"learn":[0.3697817744],"iteration":438,"passed_time":1.76685024,"remaining_time":2.257865568},
{"learn":[0.3696450049],"iteration":439,"passed_time":1.770813898,"remaining_time":2.253763143},
{"learn":[0.3695367652],"iteration":440,"passed_time":1.774669484,"remaining_time":2.249524357},
{"learn":[0.3694094208],"iteration":441,"passed_time":1.77867792,"remaining_time":2.24548027},
{"learn":[0.3692424007],"iteration":442,"passed_time":1.782438752,"remaining_time":2.241125022},
{"learn":[0.3691098027],"iteration":443,"passed_time":1.786252186,"remaining_time":2.236838323},
{"learn":[0.3689828704],"iteration":444,"passed_time":1.790130947,"remaining_time":2.232635226},
{"learn":[0.3688637634],"iteration":445,"passed_time":1.794947622,"remaining_time":2.229598616},
{"learn":[0.3687650633],"iteration":446,"passed_time":1.806489868,"remaining_time":2.23487449},
{"learn":[0.3685803877],"iteration":447,"passed_time":1.812561608,"remaining_time":2.233334839},
{"learn":[0.3684590432],"iteration":448,"passed_time":1.816317148,"remaining_time":2.228932625},
{"learn":[0.368298623],"iteration":449,"passed_time":1.819845758,"remaining_time":2.224255926},
{"learn":[0.3681799636],"iteration":450,"passed_time":1.823402988,"remaining_time":2.219619158},
{"learn":[0.3680242629],"iteration":451,"passed_time":1.827047574,"remaining_time":2.215093076},
{"learn":[0.3679502242],"iteration":452,"passed_time":1.830628828,"remaining_time":2.210494413},
{"learn":[0.3678451389],"iteration":453,"passed_time":1.834174769,"remaining_time":2.205857762},
{"learn":[0.3676848375],"iteration":454,"passed_time":1.837758315,"remaining_time":2.201270948},
{"learn":[0.3675775055],"iteration":455,"passed_time":1.841406738,"remaining_time":2.196765932},
{"learn":[0.3674520786],"iteration":456,"passed_time":1.845017671,"remaining_time":2.192220121},
{"learn":[0.3673183884],"iteration":457,"passed_time":1.848932068,"remaining_time":2.188037512},
{"learn":[0.3672031782],"iteration":458,"passed_time":1.852540382,"remaining_time":2.183495309},
{"learn":[0.3670589431],"iteration":459,"passed_time":1.856217576,"remaining_time":2.179038024},
{"learn":[0.3668974991],"iteration":460,"passed_time":1.859899809,"remaining_time":2.174590015},
{"learn":[0.3667641599],"iteration":461,"passed_time":1.863476104,"remaining_time":2.170021957},
{"learn":[0.3666453496],"iteration":462,"passed_time":1.867286438,"remaining_time":2.165729627},
{"learn":[0.3664893825],"iteration":463,"passed_time":1.871195344,"remaining_time":2.161553242},
{"learn":[0.3664035916],"iteration":464,"passed_time":1.875127262,"remaining_time":2.157404484},
{"learn":[0.3663556639],"iteration":465,"passed_time":1.878984547,"remaining_time":2.153171134},
{"learn":[0.366216579],"iteration":466,"passed_time":1.883048274,"remaining_time":2.149175011},
{"learn":[0.3661251234],"iteration":467,"passed_time":1.887102862,"remaining_time":2.145168211},
{"learn":[0.3660293499],"iteration":468,"passed_time":1.891053502,"remaining_time":2.141043517},
{"learn":[0.3659115409],"iteration":469,"passed_time":1.89488496,"remaining_time":2.136785168},
{"learn":[0.3658430278],"iteration":470,"passed_time":1.898682287,"remaining_time":2.132490296},
{"learn":[0.3656862043],"iteration":471,"passed_time":1.902600831,"remaining_time":2.128333132},
{"learn":[0.3655696612],"iteration":472,"passed_time":1.906571395,"remaining_time":2.124234937},
{"learn":[0.3654471537],"iteration":473,"passed_time":1.910450274,"remaining_time":2.120035536},
{"learn":[0.3653536801],"iteration":474,"passed_time":1.914356974,"remaining_time":2.115868234},
{"learn":[0.3652278854],"iteration":475,"passed_time":1.918276532,"remaining_time":2.111716183},
{"learn":[0.365108244],"iteration":476,"passed_time":1.922239929,"remaining_time":2.107613171},
{"learn":[0.3649770086],"iteration":477,"passed_time":1.926013322,"remaining_time":2.103303252},
{"learn":[0.3648649699],"iteration":478,"passed_time":1.929825234,"remaining_time":2.099037468},
{"learn":[0.3647355911],"iteration":479,"passed_time":1.933729229,"remaining_time":2.094873332},
{"learn":[0.3646092027],"iteration":480,"passed_time":1.937749846,"remaining_time":2.090836112},
{"learn":[0.3645012203],"iteration":481,"passed_time":1.94258749,"remaining_time":2.087677012},
{"learn":[0.3643821856],"iteration":482,"passed_time":1.946548514,"remaining_time":2.083572633},
{"learn":[0.3642856355],"iteration":483,"passed_time":1.950484574,"remaining_time":2.079442232},
{"learn":[0.3641961124],"iteration":484,"passed_time":1.954316092,"remaining_time":2.075201624},
{"learn":[0.3640993766],"iteration":485,"passed_time":1.958241083,"remaining_time":2.071061557},
{"learn":[0.3639762341],"iteration":486,"passed_time":1.962066437,"remaining_time":2.066817417},
{"learn":[0.3638021987],"iteration":487,"passed_time":1.968512442,"remaining_time":2.065324529},
{"learn":[0.363707228],"iteration":488,"passed_time":1.976266881,"remaining_time":2.065178683},
{"learn":[0.3635907048],"iteration":489,"passed_time":1.981469216,"remaining_time":2.06234551},
{"learn":[0.3634607813],"iteration":490,"passed_time":1.984973213,"remaining_time":2.057742088},
{"learn":[0.3633177228],"iteration":491,"passed_time":1.988731767,"remaining_time":2.053405971},
{"learn":[0.3632040949],"iteration":492,"passed_time":1.993554672,"remaining_time":2.050166772},
{"learn":[0.3630812342],"iteration":493,"passed_time":1.997330682,"remaining_time":2.045848837},
{"learn":[0.3629702201],"iteration":494,"passed_time":2.002259031,"remaining_time":2.042708709},
{"learn":[0.3628659045],"iteration":495,"passed_time":2.010257383,"remaining_time":2.042680889},
{"learn":[0.3627321996],"iteration":496,"passed_time":2.01529398,"remaining_time":2.039623484},
{"learn":[0.3626284315],"iteration":497,"passed_time":2.019011448,"remaining_time":2.035228407},
{"learn":[0.3625215497],"iteration":498,"passed_time":2.024538113,"remaining_time":2.032652494},
{"learn":[0.3623869071],"iteration":499,"passed_time":2.03165954,"remaining_time":2.03165954},
{"learn":[0.362264244],"iteration":500,"passed_time":2.035666776,"remaining_time":2.027540362},
{"learn":[0.3621416499],"iteration":501,"passed_time":2.042080338,"remaining_time":2.025808782},
{"learn":[0.3620581759],"iteration":502,"passed_time":2.045874265,"remaining_time":2.021470198},
{"learn":[0.3619399872],"iteration":503,"passed_time":2.049609515,"remaining_time":2.017076031},
{"learn":[0.3618144781],"iteration":504,"passed_time":2.053370415,"remaining_time":2.012709615},
{"learn":[0.3615804075],"iteration":505,"passed_time":2.057262557,"remaining_time":2.008473721},
{"learn":[0.3614428472],"iteration":506,"passed_time":2.061045044,"remaining_time":2.004132558},
{"learn":[0.3613495744],"iteration":507,"passed_time":2.064730298,"remaining_time":1.999699422},
{"learn":[0.361253881],"iteration":508,"passed_time":2.068482857,"remaining_time":1.99533415},
{"learn":[0.3611791759],"iteration":509,"passed_time":2.072414671,"remaining_time":1.991143507},
{"learn":[0.3610956199],"iteration":510,"passed_time":2.076393156,"remaining_time":1.986998539},
{"learn":[0.3609270347],"iteration":511,"passed_time":2.080267703,"remaining_time":1.982755154},
{"learn":[0.3607847734],"iteration":512,"passed_time":2.084455755,"remaining_time":1.978810824},
{"learn":[0.3606243868],"iteration":513,"passed_time":2.088466403,"remaining_time":1.974697805},
{"learn":[0.3605019965],"iteration":514,"passed_time":2.092432653,"remaining_time":1.970543372},
{"learn":[0.3603620583],"iteration":515,"passed_time":2.096433733,"remaining_time":1.966422339},
{"learn":[0.3602460283],"iteration":516,"passed_time":2.100422116,"remaining_time":1.962289907},
{"learn":[0.3600904167],"iteration":517,"passed_time":2.10426477,"remaining_time":1.958022431},
{"learn":[0.3599829912],"iteration":518,"passed_time":2.107964831,"remaining_time":1.953624439},
{"learn":[0.3598448914],"iteration":519,"passed_time":2.111599642,"remaining_time":1.9491689},
{"learn":[0.3596857961],"iteration":520,"passed_time":2.115632363,"remaining_time":1.945082345},
{"learn":[0.3595973505],"iteration":521,"passed_time":2.120106682,"remaining_time":1.941400372},
{"learn":[0.359467932],"iteration":522,"passed_time":2.124017202,"remaining_time":1.937201158},
{"learn":[0.3593390301],"iteration":523,"passed_time":2.127919964,"remaining_time":1.932995998},
{"learn":[0.3591994106],"iteration":524,"passed_time":2.131828952,"remaining_time":1.928797624},
{"learn":[0.3591065935],"iteration":525,"passed_time":2.135599435,"remaining_time":1.924475537},
{"learn":[0.3590094176],"iteration":526,"passed_time":2.139520067,"remaining_time":1.920290306},
{"learn":[0.3589214355],"iteration":527,"passed_time":2.143698282,"remaining_time":1.916336343},
{"learn":[0.3587810134],"iteration":528,"passed_time":2.147751086,"remaining_time":1.91226987},
{"learn":[0.3586720619],"iteration":529,"passed_time":2.151571427,"remaining_time":1.907997303},
{"learn":[0.3585404802],"iteration":530,"passed_time":2.155349426,"remaining_time":1.903689041},
{"learn":[0.3583602137],"iteration":531,"passed_time":2.159020004,"remaining_time":1.899288274},
{"learn":[0.3582657971],"iteration":532,"passed_time":2.162806488,"remaining_time":1.894991801},
{"learn":[0.3581441797],"iteration":533,"passed_time":2.166497947,"remaining_time":1.890614314},
{"learn":[0.3580499857],"iteration":534,"passed_time":2.170071626,"remaining_time":1.886137021},
{"learn":[0.3579003897],"iteration":535,"passed_time":2.174178983,"remaining_time":1.882125089},
{"learn":[0.3578339003],"iteration":536,"passed_time":2.177994296,"remaining_time":1.877861004},
{"learn":[0.3577123182],"iteration":537,"passed_time":2.181570781,"remaining_time":1.873393496},
{"learn":[0.3576228193],"iteration":538,"passed_time":2.185352525,"remaining_time":1.86910485},
{"learn":[0.3574612195],"iteration":539,"passed_time":2.189153527,"remaining_time":1.864834486},
{"learn":[0.357362209],"iteration":540,"passed_time":2.192962968,"remaining_time":1.860573017},
{"learn":[0.3572143901],"iteration":541,"passed_time":2.196771302,"remaining_time":1.856312281},
{"learn":[0.3570979468],"iteration":542,"passed_time":2.200449294,"remaining_time":1.851943512},
{"learn":[0.3569701132],"iteration":543,"passed_time":2.204298603,"remaining_time":1.847720888},
{"learn":[0.3568507243],"iteration":544,"passed_time":2.208276903,"remaining_time":1.843607323},
{"learn":[0.3567679937],"iteration":545,"passed_time":2.212161688,"remaining_time":1.839416495},
{"learn":[0.3566466622],"iteration":546,"passed_time":2.215914302,"remaining_time":1.835117329},
{"learn":[0.3565673016],"iteration":547,"passed_time":2.219558892,"remaining_time":1.830731057},
{"learn":[0.3564456149],"iteration":548,"passed_time":2.22345405,"remaining_time":1.826553327},
{"learn":[0.3562847058],"iteration":549,"passed_time":2.227685834,"remaining_time":1.822652046},
{"learn":[0.3561485825],"iteration":550,"passed_time":2.231475824,"remaining_time":1.818389555},
{"learn":[0.3560464155],"iteration":551,"passed_time":2.235210454,"remaining_time":1.814083847},
{"learn":[0.3559539768],"iteration":552,"passed_time":2.239529327,"remaining_time":1.810252458},
{"learn":[0.3558352873],"iteration":553,"passed_time":2.244326592,"remaining_time":1.806804441},
{"learn":[0.3557226444],"iteration":554,"passed_time":2.248961824,"remaining_time":1.803221643},
{"learn":[0.3556000715],"iteration":555,"passed_time":2.253120052,"remaining_time":1.799254142},
{"learn":[0.3554937286],"iteration":556,"passed_time":2.257261039,"remaining_time":1.795272245},
{"learn":[0.3554002238],"iteration":557,"passed_time":2.2613567,"remaining_time":1.791253874},
{"learn":[0.3552452548],"iteration":558,"passed_time":2.265409597,"remaining_time":1.787201489},
{"learn":[0.3551472641],"iteration":559,"passed_time":2.269363505,"remaining_time":1.783071326},
{"learn":[0.3550143202],"iteration":560,"passed_time":2.273519744,"remaining_time":1.77910012},
{"learn":[0.3548364657],"iteration":561,"passed_time":2.27894715,"remaining_time":1.776118953},
{"learn":[0.3547042116],"iteration":562,"passed_time":2.283146145,"remaining_time":1.772175604},
{"learn":[0.3546028174],"iteration":563,"passed_time":2.286753784,"remaining_time":1.767774202},
{"learn":[0.3545096376],"iteration":564,"passed_time":2.290402276,"remaining_time":1.763407062},
{"learn":[0.3544048652],"iteration":565,"passed_time":2.294330358,"remaining_time":1.759256847},
{"learn":[0.3543044129],"iteration":566,"passed_time":2.298922014,"remaining_time":1.755614166},
{"learn":[0.3541830135],"iteration":567,"passed_time":2.30472319,"remaining_time":1.75288806},
{"learn":[0.3540831535],"iteration":568,"passed_time":2.308731935,"remaining_time":1.748793434},
{"learn":[0.3539894483],"iteration":569,"passed_time":2.312438945,"remaining_time":1.744471485},
{"learn":[0.3538831314],"iteration":570,"passed_time":2.316122936,"remaining_time":1.740134395},
{"learn":[0.353764002],"iteration":571,"passed_time":2.319900314,"remaining_time":1.735869466},
{"learn":[0.3536599454],"iteration":572,"passed_time":2.324141987,"remaining_time":1.731952231},
{"learn":[0.3535641611],"iteration":573,"passed_time":2.328140283,"remaining_time":1.727853241},
{"learn":[0.3534640959],"iteration":574,"passed_time":2.331643589,"remaining_time":1.72338874},
{"learn":[0.3533723992],"iteration":575,"passed_time":2.33555554,"remaining_time":1.719228384},
{"learn":[0.3531840566],"iteration":576,"passed_time":2.339610655,"remaining_time":1.715173842},
{"learn":[0.3530127999],"iteration":577,"passed_time":2.343541011,"remaining_time":1.711028212},
{"learn":[0.3529157032],"iteration":578,"passed_time":2.347433504,"remaining_time":1.706855795},
{"learn":[0.3527869006],"iteration":579,"passed_time":2.351072412,"remaining_time":1.702500712},
{"learn":[0.3526717739],"iteration":580,"passed_time":2.354891427,"remaining_time":1.698277982},
{"learn":[0.3525021416],"iteration":581,"passed_time":2.358722022,"remaining_time":1.694064957},
{"learn":[0.352409779],"iteration":582,"passed_time":2.362451195,"remaining_time":1.6897807},
{"learn":[0.3522716551],"iteration":583,"passed_time":2.366278978,"remaining_time":1.685568587},
{"learn":[0.3521221104],"iteration":584,"passed_time":2.369997933,"remaining_time":1.681280585},
{"learn":[0.3520141359],"iteration":585,"passed_time":2.373950597,"remaining_time":1.677159637},
{"learn":[0.3518712265],"iteration":586,"passed_time":2.377507223,"remaining_time":1.672760619},
{"learn":[0.3517662181],"iteration":587,"passed_time":2.381250499,"remaining_time":1.668495248},
{"learn":[0.3516624781],"iteration":588,"passed_time":2.384843337,"remaining_time":1.664126675},
{"learn":[0.3515569493],"iteration":589,"passed_time":2.388387894,"remaining_time":1.65972718},
{"learn":[0.351444604],"iteration":590,"passed_time":2.392193788,"remaining_time":1.655511437},
{"learn":[0.3512863665],"iteration":591,"passed_time":2.396020318,"remaining_time":1.6513113},
{"learn":[0.3511391556],"iteration":592,"passed_time":2.400249528,"remaining_time":1.647388799},
{"learn":[0.3510297067],"iteration":593,"passed_time":2.404299886,"remaining_time":1.64334302},
{"learn":[0.3509236983],"iteration":594,"passed_time":2.408617069,"remaining_time":1.639478846},
{"learn":[0.3508614087],"iteration":595,"passed_time":2.412893001,"remaining_time":1.635585189},
{"learn":[0.3506559971],"iteration":596,"passed_time":2.416871103,"remaining_time":1.631489204},
{"learn":[0.3505055722],"iteration":597,"passed_time":2.421015693,"remaining_time":1.627505533},
{"learn":[0.3504037063],"iteration":598,"passed_time":2.424964015,"remaining_time":1.623389933},
{"learn":[0.3503089426],"iteration":599,"passed_time":2.428979467,"remaining_time":1.619319645},
{"learn":[0.3502132521],"iteration":600,"passed_time":2.435548783,"remaining_time":1.616945032},
{"learn":[0.3501184252],"iteration":601,"passed_time":2.439606321,"remaining_time":1.612895873},
{"learn":[0.3500358581],"iteration":602,"passed_time":2.443728344,"remaining_time":1.608889142},
{"learn":[0.3498653774],"iteration":603,"passed_time":2.447691948,"remaining_time":1.604778164},
{"learn":[0.3497210208],"iteration":604,"passed_time":2.45145084,"remaining_time":1.60053402},
{"learn":[0.3495881673],"iteration":605,"passed_time":2.455360582,"remaining_time":1.596389553},
{"learn":[0.349459871],"iteration":606,"passed_time":2.459061601,"remaining_time":1.592110723},
{"learn":[0.3493578525],"iteration":607,"passed_time":2.462915927,"remaining_time":1.587932637},
{"learn":[0.3492597659],"iteration":608,"passed_time":2.466840541,"remaining_time":1.583800741},
{"learn":[0.3490996601],"iteration":609,"passed_time":2.470566571,"remaining_time":1.579542561},
{"learn":[0.3489416605],"iteration":610,"passed_time":2.474328614,"remaining_time":1.575309052},
{"learn":[0.3488771227],"iteration":611,"passed_time":2.478094823,"remaining_time":1.571079725},
{"learn":[0.348753317],"iteration":612,"passed_time":2.481776784,"remaining_time":1.56679872},
{"learn":[0.3486549262],"iteration":613,"passed_time":2.485696071,"remaining_time":1.562668865},
{"learn":[0.3485915385],"iteration":614,"passed_time":2.489512833,"remaining_time":1.558475513},
{"learn":[0.3484580922],"iteration":615,"passed_time":2.493217005,"remaining_time":1.554213198},
{"learn":[0.3483398831],"iteration":616,"passed_time":2.497464303,"remaining_time":1.550289835},
{"learn":[0.3482324897],"iteration":617,"passed_time":2.501582259,"remaining_time":1.546285474},
{"learn":[0.3480949624],"iteration":618,"passed_time":2.505740269,"remaining_time":1.5423054},
{"learn":[0.3479999168],"iteration":619,"passed_time":2.509859692,"remaining_time":1.538301101},
{"learn":[0.3479218264],"iteration":620,"passed_time":2.513531717,"remaining_time":1.534023383},
{"learn":[0.3478059288],"iteration":621,"passed_time":2.517103325,"remaining_time":1.529686586},
{"learn":[0.34772368],"iteration":622,"passed_time":2.520662592,"remaining_time":1.525344779},
{"learn":[0.3475946538],"iteration":623,"passed_time":2.524303018,"remaining_time":1.521054382},
{"learn":[0.3474928821],"iteration":624,"passed_time":2.527977604,"remaining_time":1.516786563},
{"learn":[0.3473526268],"iteration":625,"passed_time":2.531568882,"remaining_time":1.512470865},
{"learn":[0.3472342189],"iteration":626,"passed_time":2.535199606,"remaining_time":1.508180946},
{"learn":[0.3471211556],"iteration":627,"passed_time":2.538822459,"remaining_time":1.503888463},
{"learn":[0.3470372668],"iteration":628,"passed_time":2.542617403,"remaining_time":1.499699613},
{"learn":[0.3469064049],"iteration":629,"passed_time":2.54632205,"remaining_time":1.495458982},
{"learn":[0.3467593257],"iteration":630,"passed_time":2.550323103,"remaining_time":1.491393383},
{"learn":[0.3466570243],"iteration":631,"passed_time":2.553992741,"remaining_time":1.487135014},
{"learn":[0.3465644221],"iteration":632,"passed_time":2.55778696,"remaining_time":1.482950733},
{"learn":[0.3464367452],"iteration":633,"passed_time":2.561486863,"remaining_time":1.478713236},
{"learn":[0.3463068721],"iteration":634,"passed_time":2.56507624,"remaining_time":1.474413902},
{"learn":[0.3461491566],"iteration":635,"passed_time":2.568730881,"remaining_time":1.470154152},
{"learn":[0.3460778702],"iteration":636,"passed_time":2.574280041,"remaining_time":1.466975911},
{"learn":[0.3459790773],"iteration":637,"passed_time":2.579870759,"remaining_time":1.463813816},
{"learn":[0.3458735271],"iteration":638,"passed_time":2.5836783,"remaining_time":1.459636723},
{"learn":[0.34578387],"iteration":639,"passed_time":2.588446432,"remaining_time":1.456001118},
{"learn":[0.345702716],"iteration":640,"passed_time":2.59337179,"remaining_time":1.452450035},
{"learn":[0.3456229922],"iteration":641,"passed_time":2.597271295,"remaining_time":1.448322623},
{"learn":[0.3454904125],"iteration":642,"passed_time":2.600987216,"remaining_time":1.444093991},
{"learn":[0.3453586126],"iteration":643,"passed_time":2.604614085,"remaining_time":1.439817724},
{"learn":[0.3452818966],"iteration":644,"passed_time":2.608412373,"remaining_time":1.435637817},
{"learn":[0.3451867713],"iteration":645,"passed_time":2.612398972,"remaining_time":1.431562285},
{"learn":[0.3450975925],"iteration":646,"passed_time":2.61596459,"remaining_time":1.427257342},
{"learn":[0.3450117506],"iteration":647,"passed_time":2.619631684,"remaining_time":1.423009804},
{"learn":[0.3448955436],"iteration":648,"passed_time":2.623489639,"remaining_time":1.418867278},
{"learn":[0.3448020424],"iteration":649,"passed_time":2.627307336,"remaining_time":1.41470395},
{"learn":[0.3446570597],"iteration":650,"passed_time":2.631258896,"remaining_time":1.410613448},
{"learn":[0.344555614],"iteration":651,"passed_time":2.635107581,"remaining_time":1.406468464},
{"learn":[0.3444865488],"iteration":652,"passed_time":2.639052904,"remaining_time":1.402375739},
{"learn":[0.3443690686],"iteration":653,"passed_time":2.643158341,"remaining_time":1.398368174},
{"learn":[0.3442907835],"iteration":654,"passed_time":2.647065239,"remaining_time":1.394255737},
{"learn":[0.344151941],"iteration":655,"passed_time":2.650738573,"remaining_time":1.390021447},
{"learn":[0.3440557612],"iteration":656,"passed_time":2.654461091,"remaining_time":1.385814542},
{"learn":[0.3439171197],"iteration":657,"passed_time":2.658093124,"remaining_time":1.38156208},
{"learn":[0.3437825876],"iteration":658,"passed_time":2.661862525,"remaining_time":1.377382581},
{"learn":[0.3436612494],"iteration":659,"passed_time":2.666104761,"remaining_time":1.373447907},
{"learn":[0.343494413],"iteration":660,"passed_time":2.670145116,"remaining_time":1.369408766},
{"learn":[0.3433544717],"iteration":661,"passed_time":2.674148471,"remaining_time":1.36535073},
{"learn":[0.3432404375],"iteration":662,"passed_time":2.678185113,"remaining_time":1.361309779},
{"learn":[0.3431703383],"iteration":663,"passed_time":2.682386583,"remaining_time":1.357352247},
{"learn":[0.342994339],"iteration":664,"passed_time":2.686443711,"remaining_time":1.353321268},
{"learn":[0.3428927681],"iteration":665,"passed_time":2.690238091,"remaining_time":1.349158442},
{"learn":[0.3428113199],"iteration":666,"passed_time":2.694203864,"remaining_time":1.345082289},
{"learn":[0.3426830972],"iteration":667,"passed_time":2.699380606,"remaining_time":1.341608325},
{"learn":[0.3426137689],"iteration":668,"passed_time":2.703167126,"remaining_time":1.337441433},
{"learn":[0.3425106346],"iteration":669,"passed_time":2.706808583,"remaining_time":1.333204227},
{"learn":[0.3423955023],"iteration":670,"passed_time":2.710629424,"remaining_time":1.329056752},
{"learn":[0.3423289282],"iteration":671,"passed_time":2.714495701,"remaining_time":1.324932425},
{"learn":[0.3421976943],"iteration":672,"passed_time":2.718231241,"remaining_time":1.320745343},
{"learn":[0.3421135845],"iteration":673,"passed_time":2.722053759,"remaining_time":1.31660167},
{"learn":[0.3419916929],"iteration":674,"passed_time":2.725727746,"remaining_time":1.312387433},
{"learn":[0.3418863586],"iteration":675,"passed_time":2.729428674,"remaining_time":1.308187708},
{"learn":[0.341694096],"iteration":676,"passed_time":2.73330637,"remaining_time":1.304073793},
{"learn":[0.3416047082],"iteration":677,"passed_time":2.736895526,"remaining_time":1.299823539},
{"learn":[0.3414968631],"iteration":678,"passed_time":2.740510928,"remaining_time":1.29558764},
{"learn":[0.3413366464],"iteration":679,"passed_time":2.744106592,"remaining_time":1.291344278},
{"learn":[0.3412376412],"iteration":680,"passed_time":2.748690141,"remaining_time":1.287565572},
{"learn":[0.3411472071],"iteration":681,"passed_time":2.76085224,"remaining_time":1.2873182},
{"learn":[0.3410241734],"iteration":682,"passed_time":2.76940005,"remaining_time":1.285358442},
{"learn":[0.3408755622],"iteration":683,"passed_time":2.773381722,"remaining_time":1.281269919},
{"learn":[0.3407660136],"iteration":684,"passed_time":2.77699056,"remaining_time":1.277010258},
{"learn":[0.3406633818],"iteration":685,"passed_time":2.780690941,"remaining_time":1.272794396},
{"learn":[0.3405934595],"iteration":686,"passed_time":2.784449874,"remaining_time":1.268606711},
{"learn":[0.3405378264],"iteration":687,"passed_time":2.788143713,"remaining_time":1.264390754},
{"learn":[0.3404458324],"iteration":688,"passed_time":2.791707964,"remaining_time":1.260117818},
{"learn":[0.3403459318],"iteration":689,"passed_time":2.795308383,"remaining_time":1.255863186},
{"learn":[0.3402076252],"iteration":690,"passed_time":2.79916001,"remaining_time":1.251722783},
{"learn":[0.3400518611],"iteration":691,"passed_time":2.802784866,"remaining_time":1.247482281},
{"learn":[0.3399680053],"iteration":692,"passed_time":2.80674912,"remaining_time":1.24339391},
{"learn":[0.3398235527],"iteration":693,"passed_time":2.810417502,"remaining_time":1.23917544},
{"learn":[0.3396964412],"iteration":694,"passed_time":2.814094828,"remaining_time":1.234962479},
{"learn":[0.3395622378],"iteration":695,"passed_time":2.817704368,"remaining_time":1.230721448},
{"learn":[0.3394947702],"iteration":696,"passed_time":2.821533891,"remaining_time":1.226577861},
{"learn":[0.3393486497],"iteration":697,"passed_time":2.825099726,"remaining_time":1.222321085},
{"learn":[0.3392291397],"iteration":698,"passed_time":2.828739695,"remaining_time":1.218098209},
{"learn":[0.3390883705],"iteration":699,"passed_time":2.832447383,"remaining_time":1.213906021},
{"learn":[0.3390015375],"iteration":700,"passed_time":2.836037237,"remaining_time":1.209664955},
{"learn":[0.3389161986],"iteration":701,"passed_time":2.839571187,"remaining_time":1.205402014},
{"learn":[0.3387912555],"iteration":702,"passed_time":2.843003804,"remaining_time":1.201098335},
{"learn":[0.3386968773],"iteration":703,"passed_time":2.846729713,"remaining_time":1.196920447},
{"learn":[0.3385928672],"iteration":704,"passed_time":2.850723229,"remaining_time":1.192855819},
{"learn":[0.3385011702],"iteration":705,"passed_time":2.854552098,"remaining_time":1.188722828},
{"learn":[0.3383923229],"iteration":706,"passed_time":2.858197052,"remaining_time":1.184514478},
{"learn":[0.3382764473],"iteration":707,"passed_time":2.861838592,"remaining_time":1.180306312},
{"learn":[0.3381933443],"iteration":708,"passed_time":2.865376285,"remaining_time":1.176057121},
{"learn":[0.3380872285],"iteration":709,"passed_time":2.868843514,"remaining_time":1.171781154},
{"learn":[0.3379680016],"iteration":710,"passed_time":2.872967481,"remaining_time":1.167774405},
{"learn":[0.3378682918],"iteration":711,"passed_time":2.879471147,"remaining_time":1.164729902},
{"learn":[0.3377417218],"iteration":712,"passed_time":2.883325417,"remaining_time":1.160609249},
{"learn":[0.3376833183],"iteration":713,"passed_time":2.886940742,"remaining_time":1.156393631},
{"learn":[0.3375858481],"iteration":714,"passed_time":2.89048177,"remaining_time":1.152150076},
{"learn":[0.3374428051],"iteration":715,"passed_time":2.894099908,"remaining_time":1.14793907},
{"learn":[0.3373268753],"iteration":716,"passed_time":2.897951885,"remaining_time":1.143822013},
{"learn":[0.3372582566],"iteration":717,"passed_time":2.902252688,"remaining_time":1.139881975},
{"learn":[0.3371548874],"iteration":718,"passed_time":2.9059615,"remaining_time":1.135709571},
{"learn":[0.3370568746],"iteration":719,"passed_time":2.910369674,"remaining_time":1.131810429},
{"learn":[0.3369694523],"iteration":720,"passed_time":2.914320429,"remaining_time":1.127732871},
{"learn":[0.336868114],"iteration":721,"passed_time":2.918171001,"remaining_time":1.123617089},
{"learn":[0.3367188036],"iteration":722,"passed_time":2.922192208,"remaining_time":1.119567416},
{"learn":[0.3365890467],"iteration":723,"passed_time":2.926125996,"remaining_time":1.115484496},
{"learn":[0.3365011354],"iteration":724,"passed_time":2.93007615,"remaining_time":1.111408195},
{"learn":[0.336414226],"iteration":725,"passed_time":2.934346354,"remaining_time":1.107453032},
{"learn":[0.3363167613],"iteration":726,"passed_time":2.938295687,"remaining_time":1.10337651},
{"learn":[0.3362332008],"iteration":727,"passed_time":2.942337905,"remaining_time":1.099335041},
{"learn":[0.3361163612],"iteration":728,"passed_time":2.946281295,"remaining_time":1.095256832},
{"learn":[0.3360612547],"iteration":729,"passed_time":2.950143728,"remaining_time":1.09114905},
{"learn":[0.3360000504],"iteration":730,"passed_time":2.954175801,"remaining_time":1.087104365},
{"learn":[0.3358986735],"iteration":731,"passed_time":2.958077942,"remaining_time":1.083012143},
{"learn":[0.3357951559],"iteration":732,"passed_time":2.96187979,"remaining_time":1.078883907},
{"learn":[0.3357375351],"iteration":733,"passed_time":2.965796384,"remaining_time":1.074798145},
{"learn":[0.3356012561],"iteration":734,"passed_time":2.969896606,"remaining_time":1.070779048},
{"learn":[0.3355436001],"iteration":735,"passed_time":2.973741206,"remaining_time":1.066668041},
{"learn":[0.335465453],"iteration":736,"passed_time":2.977641511,"remaining_time":1.062577636},
{"learn":[0.3353680723],"iteration":737,"passed_time":2.981670623,"remaining_time":1.058533473},
{"learn":[0.3352045786],"iteration":738,"passed_time":2.985692102,"remaining_time":1.054486656},
{"learn":[0.3351083792],"iteration":739,"passed_time":2.990011412,"remaining_time":1.05054455},
{"learn":[0.3350169813],"iteration":740,"passed_time":2.994013052,"remaining_time":1.046490392},
{"learn":[0.3349369381],"iteration":741,"passed_time":2.9992006,"remaining_time":1.042848726},
{"learn":[0.3348603391],"iteration":742,"passed_time":3.003055333,"remaining_time":1.038741885},
{"learn":[0.334751993],"iteration":743,"passed_time":3.006881061,"remaining_time":1.034625741},
{"learn":[0.3346510306],"iteration":744,"passed_time":3.010824402,"remaining_time":1.030550634},
{"learn":[0.3345193853],"iteration":745,"passed_time":3.01477432,"remaining_time":1.02647812},
{"learn":[0.3344359353],"iteration":746,"passed_time":3.018700393,"remaining_time":1.022397857},
{"learn":[0.334321623],"iteration":747,"passed_time":3.022586378,"remaining_time":1.018304502},
{"learn":[0.3342672201],"iteration":748,"passed_time":3.026476678,"remaining_time":1.014213146},
{"learn":[0.3341542909],"iteration":749,"passed_time":3.030470744,"remaining_time":1.010156915},
{"learn":[0.3340435547],"iteration":750,"passed_time":3.034352036,"remaining_time":1.006063458},
{"learn":[0.33392512],"iteration":751,"passed_time":3.038196252,"remaining_time":1.001958338},
{"learn":[0.3338801236],"iteration":752,"passed_time":3.042092898,"remaining_time":0.9978711098},
{"learn":[0.3337358948],"iteration":753,"passed_time":3.045653394,"remaining_time":0.9936747147},
{"learn":[0.3336430905],"iteration":754,"passed_time":3.049243919,"remaining_time":0.9894897486},
{"learn":[0.3335468856],"iteration":755,"passed_time":3.052961825,"remaining_time":0.9853474673},
{"learn":[0.3334341608],"iteration":756,"passed_time":3.056824978,"remaining_time":0.9812529322},
{"learn":[0.3333599947],"iteration":757,"passed_time":3.060897724,"remaining_time":0.9772259225},
{"learn":[0.3332632432],"iteration":758,"passed_time":3.064936167,"remaining_time":0.9731879003},
{"learn":[0.3331463867],"iteration":759,"passed_time":3.068837892,"remaining_time":0.9691067028},
{"learn":[0.3330581151],"iteration":760,"passed_time":3.072857833,"remaining_time":0.965063104},
{"learn":[0.3329392787],"iteration":761,"passed_time":3.084097981,"remaining_time":0.9632746974},
{"learn":[0.3328203469],"iteration":762,"passed_time":3.087945684,"remaining_time":0.9591653041},
{"learn":[0.3327260764],"iteration":763,"passed_time":3.091670215,"remaining_time":0.9550185481},
{"learn":[0.3326205127],"iteration":764,"passed_time":3.095735984,"remaining_time":0.9509777205},
{"learn":[0.3324934745],"iteration":765,"passed_time":3.100088679,"remaining_time":0.9470244788},
{"learn":[0.3323855368],"iteration":766,"passed_time":3.103738569,"remaining_time":0.942856697},
{"learn":[0.3322952002],"iteration":767,"passed_time":3.107314986,"remaining_time":0.9386680688},
{"learn":[0.3321390367],"iteration":768,"passed_time":3.111090351,"remaining_time":0.9345407946},
{"learn":[0.3320312063],"iteration":769,"passed_time":3.11483219,"remaining_time":0.9304044203},
{"learn":[0.3319378573],"iteration":770,"passed_time":3.118454089,"remaining_time":0.9262334454},
{"learn":[0.3318649113],"iteration":771,"passed_time":3.122272306,"remaining_time":0.9221218728},
{"learn":[0.3317468729],"iteration":772,"passed_time":3.125913072,"remaining_time":0.9179589486},
{"learn":[0.3316534705],"iteration":773,"passed_time":3.129608136,"remaining_time":0.9138132282},
{"learn":[0.3315575139],"iteration":774,"passed_time":3.133439105,"remaining_time":0.9097081273},
{"learn":[0.3314561428],"iteration":775,"passed_time":3.137268512,"remaining_time":0.9056032819},
{"learn":[0.3313972754],"iteration":776,"passed_time":3.141223174,"remaining_time":0.9015350936},
{"learn":[0.3313060774],"iteration":777,"passed_time":3.144942683,"remaining_time":0.8974000973},
{"learn":[0.3312250849],"iteration":778,"passed_time":3.148582779,"remaining_time":0.8932436383},
{"learn":[0.3311336615],"iteration":779,"passed_time":3.152275047,"remaining_time":0.8891032183},
{"learn":[0.3310444773],"iteration":780,"passed_time":3.156629941,"remaining_time":0.8851497531},
{"learn":[0.3308871386],"iteration":781,"passed_time":3.160827188,"remaining_time":0.8811513134},
{"learn":[0.3307974403],"iteration":782,"passed_time":3.164484474,"remaining_time":0.8770027214},
{"learn":[0.3306890803],"iteration":783,"passed_time":3.168501305,"remaining_time":0.8729544412},
{"learn":[0.3306123268],"iteration":784,"passed_time":3.172760605,"remaining_time":0.8689726497},
{"learn":[0.3304927262],"iteration":785,"passed_time":3.176814192,"remaining_time":0.8649341439},
{"learn":[0.3303996316],"iteration":786,"passed_time":3.180875959,"remaining_time":0.8608978136},
{"learn":[0.3303033697],"iteration":787,"passed_time":3.184702863,"remaining_time":0.8567982322},
{"learn":[0.3301349611],"iteration":788,"passed_time":3.188429733,"remaining_time":0.8526725901},
{"learn":[0.3300318519],"iteration":789,"passed_time":3.192207128,"remaining_time":0.8485613885},
{"learn":[0.3299012059],"iteration":790,"passed_time":3.195933482,"remaining_time":0.8444375445},
{"learn":[0.3298137791],"iteration":791,"passed_time":3.199798033,"remaining_time":0.8403509984},
{"learn":[0.3296990548],"iteration":792,"passed_time":3.203304809,"remaining_time":0.8361716209},
{"learn":[0.3296394994],"iteration":793,"passed_time":3.206982322,"remaining_time":0.8320382346},
{"learn":[0.329535721],"iteration":794,"passed_time":3.212066646,"remaining_time":0.8282687579},
{"learn":[0.329389071],"iteration":795,"passed_time":3.217160614,"remaining_time":0.8244984487},
{"learn":[0.3293035769],"iteration":796,"passed_time":3.221254341,"remaining_time":0.8204700517},
{"learn":[0.3291609367],"iteration":797,"passed_time":3.225091982,"remaining_time":0.8163766672},
{"learn":[0.3290801899],"iteration":798,"passed_time":3.228828666,"remaining_time":0.8122585256},
{"learn":[0.3289956659],"iteration":799,"passed_time":3.232727547,"remaining_time":0.8081818867},
{"learn":[0.3289330749],"iteration":800,"passed_time":3.236620849,"remaining_time":0.8041043058},
{"learn":[0.3288312196],"iteration":801,"passed_time":3.240583714,"remaining_time":0.8000443583},
{"learn":[0.328709083],"iteration":802,"passed_time":3.244635907,"remaining_time":0.7960065674},
{"learn":[0.3285827399],"iteration":803,"passed_time":3.248739496,"remaining_time":0.7919812701},
{"learn":[0.3284933089],"iteration":804,"passed_time":3.254093687,"remaining_time":0.7882587193},
{"learn":[0.3283672525],"iteration":805,"passed_time":3.258175299,"remaining_time":0.7842258164},
{"learn":[0.328287321],"iteration":806,"passed_time":3.2621845,"remaining_time":0.7801754753},
{"learn":[0.3282125101],"iteration":807,"passed_time":3.266059801,"remaining_time":0.776093418},
{"learn":[0.3281279706],"iteration":808,"passed_time":3.269946159,"remaining_time":0.7720144825},
{"learn":[0.3280241625],"iteration":809,"passed_time":3.274168287,"remaining_time":0.7680147833},
{"learn":[0.3279425347],"iteration":810,"passed_time":3.278036812,"remaining_time":0.7639321301},
{"learn":[0.3278442086],"iteration":811,"passed_time":3.281900995,"remaining_time":0.7598489989},
{"learn":[0.3277880586],"iteration":812,"passed_time":3.285757894,"remaining_time":0.7557647308},
{"learn":[0.327752717],"iteration":813,"passed_time":3.289744294,"remaining_time":0.7517106127},
{"learn":[0.3276912223],"iteration":814,"passed_time":3.29432754,"remaining_time":0.747792141},
{"learn":[0.3275970179],"iteration":815,"passed_time":3.298124824,"remaining_time":0.7436948132},
{"learn":[0.3274564842],"iteration":816,"passed_time":3.302038911,"remaining_time":0.7396243828},
{"learn":[0.3273058709],"iteration":817,"passed_time":3.306842463,"remaining_time":0.735752235},
{"learn":[0.3272245259],"iteration":818,"passed_time":3.310916227,"remaining_time":0.7317165288},
{"learn":[0.3271659365],"iteration":819,"passed_time":3.314738739,"remaining_time":0.7276255769},
{"learn":[0.3270791876],"iteration":820,"passed_time":3.318654172,"remaining_time":0.7235555381},
{"learn":[0.3269560092],"iteration":821,"passed_time":3.322614355,"remaining_time":0.719495566},
{"learn":[0.3268727545],"iteration":822,"passed_time":3.326469744,"remaining_time":0.7154132986},
{"learn":[0.3267903114],"iteration":823,"passed_time":3.330162307,"remaining_time":0.7112968035},
{"learn":[0.326741181],"iteration":824,"passed_time":3.333892115,"remaining_time":0.7071892366},
{"learn":[0.3266920038],"iteration":825,"passed_time":3.337619815,"remaining_time":0.7030821402},
{"learn":[0.3266028441],"iteration":826,"passed_time":3.341520786,"remaining_time":0.699012208},
{"learn":[0.3265279295],"iteration":827,"passed_time":3.345303401,"remaining_time":0.6949180978},
{"learn":[0.3264785282],"iteration":828,"passed_time":3.349498502,"remaining_time":0.6909098237},
{"learn":[0.3263158949],"iteration":829,"passed_time":3.354116677,"remaining_time":0.6869877531},
{"learn":[0.3261702195],"iteration":830,"passed_time":3.357855156,"remaining_time":0.682885104},
{"learn":[0.3260759255],"iteration":831,"passed_time":3.361490936,"remaining_time":0.6787625928},
{"learn":[0.3259977091],"iteration":832,"passed_time":3.365224571,"remaining_time":0.6746608683},
{"learn":[0.3259029541],"iteration":833,"passed_time":3.368894288,"remaining_time":0.6705473043},
{"learn":[0.3257579337],"iteration":834,"passed_time":3.372760257,"remaining_time":0.6664735838},
{"learn":[0.3256772777],"iteration":835,"passed_time":3.376569213,"remaining_time":0.6623891757},
{"learn":[0.3255701599],"iteration":836,"passed_time":3.380569107,"remaining_time":0.6583426099},
{"learn":[0.3254981482],"iteration":837,"passed_time":3.387270459,"remaining_time":0.6548183942},
{"learn":[0.325378777],"iteration":838,"passed_time":3.397135773,"remaining_time":0.6518937538},
{"learn":[0.3252564169],"iteration":839,"passed_time":3.405521452,"remaining_time":0.6486707527},
{"learn":[0.3251726435],"iteration":840,"passed_time":3.409281876,"remaining_time":0.6445610206},
{"learn":[0.325085096],"iteration":841,"passed_time":3.412959589,"remaining_time":0.6404365975},
{"learn":[0.3249667179],"iteration":842,"passed_time":3.416526735,"remaining_time":0.6362926421},
{"learn":[0.3248729436],"iteration":843,"passed_time":3.420060251,"remaining_time":0.632143838},
{"learn":[0.324810722],"iteration":844,"passed_time":3.423583289,"remaining_time":0.6279945677},
{"learn":[0.3247311303],"iteration":845,"passed_time":3.427158405,"remaining_time":0.6238562581},
{"learn":[0.324629005],"iteration":846,"passed_time":3.430542325,"remaining_time":0.619684741},
{"learn":[0.3245289606],"iteration":847,"passed_time":3.434121009,"remaining_time":0.6155499922},
{"learn":[0.3244001273],"iteration":848,"passed_time":3.437771212,"remaining_time":0.6114292733},
{"learn":[0.3243101818],"iteration":849,"passed_time":3.441208345,"remaining_time":0.6072720609},
{"learn":[0.3242090732],"iteration":850,"passed_time":3.444805915,"remaining_time":0.6031446314},
{"learn":[0.3241107503],"iteration":851,"passed_time":3.448262391,"remaining_time":0.5989939365},
{"learn":[0.3240433281],"iteration":852,"passed_time":3.451762622,"remaining_time":0.5948524096},
{"learn":[0.323926675],"iteration":853,"passed_time":3.455333264,"remaining_time":0.5907244222},
{"learn":[0.3237709107],"iteration":854,"passed_time":3.459246055,"remaining_time":0.5866557638},
{"learn":[0.3236560719],"iteration":855,"passed_time":3.464697035,"remaining_time":0.5828462302},
{"learn":[0.3235221809],"iteration":856,"passed_time":3.47036407,"remaining_time":0.5790689172},
{"learn":[0.3234221536],"iteration":857,"passed_time":3.474276231,"remaining_time":0.5749967655},
{"learn":[0.3233167623],"iteration":858,"passed_time":3.478134048,"remaining_time":0.5709160661},
{"learn":[0.3232280691],"iteration":859,"passed_time":3.481969278,"remaining_time":0.566832208},
{"learn":[0.3230799424],"iteration":860,"passed_time":3.486029426,"remaining_time":0.5627852384},
{"learn":[0.3229417901],"iteration":861,"passed_time":3.490075472,"remaining_time":0.5587359804},
{"learn":[0.3228243747],"iteration":862,"passed_time":3.494118713,"remaining_time":0.5546862848},
{"learn":[0.3227151577],"iteration":863,"passed_time":3.498006205,"remaining_time":0.5506120878},
{"learn":[0.3226177501],"iteration":864,"passed_time":3.50202182,"remaining_time":0.5465583187},
{"learn":[0.3225012843],"iteration":865,"passed_time":3.506169634,"remaining_time":0.5425250935},
{"learn":[0.3223998789],"iteration":866,"passed_time":3.510023483,"remaining_time":0.5384465089},
{"learn":[0.3223151674],"iteration":867,"passed_time":3.513801364,"remaining_time":0.5343568895},
{"learn":[0.3222091212],"iteration":868,"passed_time":3.517704355,"remaining_time":0.5302868476},
{"learn":[0.3221354712],"iteration":869,"passed_time":3.52159109,"remaining_time":0.5262147606},
{"learn":[0.3220307841],"iteration":870,"passed_time":3.52548288,"remaining_time":0.5221438479},
{"learn":[0.3219512964],"iteration":871,"passed_time":3.529649709,"remaining_time":0.5181137187},
{"learn":[0.3219127532],"iteration":872,"passed_time":3.533609687,"remaining_time":0.5140531847},
{"learn":[0.3218767709],"iteration":873,"passed_time":3.537439069,"remaining_time":0.5099740534},
{"learn":[0.3217591492],"iteration":874,"passed_time":3.541297168,"remaining_time":0.5058995954},
{"learn":[0.3216633187],"iteration":875,"passed_time":3.549180131,"remaining_time":0.502395361},
{"learn":[0.3215719798],"iteration":876,"passed_time":3.555884352,"remaining_time":0.4987158213},
{"learn":[0.3214609415],"iteration":877,"passed_time":3.559729335,"remaining_time":0.4946320944},
{"learn":[0.3213640608],"iteration":878,"passed_time":3.563410194,"remaining_time":0.4905263179},
{"learn":[0.3212241399],"iteration":879,"passed_time":3.567046978,"remaining_time":0.4864154969},
{"learn":[0.3211506914],"iteration":880,"passed_time":3.570681185,"remaining_time":0.4823054042},
{"learn":[0.3210616281],"iteration":881,"passed_time":3.574267446,"remaining_time":0.4781899758},
{"learn":[0.3209908336],"iteration":882,"passed_time":3.577922997,"remaining_time":0.4740849271},
{"learn":[0.3209127501],"iteration":883,"passed_time":3.581505186,"remaining_time":0.4699712687},
{"learn":[0.3208068522],"iteration":884,"passed_time":3.585154024,"remaining_time":0.465867472},
{"learn":[0.3206770784],"iteration":885,"passed_time":3.589544837,"remaining_time":0.4618601709},
{"learn":[0.3206058427],"iteration":886,"passed_time":3.593390332,"remaining_time":0.4577825339},
{"learn":[0.3205148897],"iteration":887,"passed_time":3.597270481,"remaining_time":0.4537097904},
{"learn":[0.3203959175],"iteration":888,"passed_time":3.601223294,"remaining_time":0.449646553},
{"learn":[0.3203574261],"iteration":889,"passed_time":3.60515168,"remaining_time":0.4455805448},
{"learn":[0.3202820571],"iteration":890,"passed_time":3.609215452,"remaining_time":0.4415314078},
{"learn":[0.3201962492],"iteration":891,"passed_time":3.613077751,"remaining_time":0.4374578443},
{"learn":[0.3201317105],"iteration":892,"passed_time":3.61688509,"remaining_time":0.4333781687},
{"learn":[0.3200419138],"iteration":893,"passed_time":3.621347108,"remaining_time":0.4293767264},
{"learn":[0.3199718409],"iteration":894,"passed_time":3.62523584,"remaining_time":0.4253069979},
{"learn":[0.319908702],"iteration":895,"passed_time":3.628931106,"remaining_time":0.4212152177},
{"learn":[0.3198301392],"iteration":896,"passed_time":3.632586882,"remaining_time":0.4171197869},
{"learn":[0.3197066399],"iteration":897,"passed_time":3.636223207,"remaining_time":0.413023126},
{"learn":[0.3196076757],"iteration":898,"passed_time":3.639719456,"remaining_time":0.408911752},
{"learn":[0.3195200312],"iteration":899,"passed_time":3.643471611,"remaining_time":0.404830179},
{"learn":[0.3194953251],"iteration":900,"passed_time":3.647058459,"remaining_time":0.4007311736},
{"learn":[0.3194570969],"iteration":901,"passed_time":3.65069232,"remaining_time":0.3966384117},
{"learn":[0.3193717495],"iteration":902,"passed_time":3.65452104,"remaining_time":0.3925675978},
{"learn":[0.3192955497],"iteration":903,"passed_time":3.658145585,"remaining_time":0.3884756373},
{"learn":[0.3192274915],"iteration":904,"passed_time":3.662293423,"remaining_time":0.3844396411},
{"learn":[0.3191162314],"iteration":905,"passed_time":3.666082225,"remaining_time":0.3803661469},
{"learn":[0.3190206815],"iteration":906,"passed_time":3.669809674,"remaining_time":0.3762869898},
{"learn":[0.3189131903],"iteration":907,"passed_time":3.673408342,"remaining_time":0.3721955589},
{"learn":[0.3188018312],"iteration":908,"passed_time":3.677054815,"remaining_time":0.368109998},
{"learn":[0.3187092047],"iteration":909,"passed_time":3.680712093,"remaining_time":0.3640264707},
{"learn":[0.3186610236],"iteration":910,"passed_time":3.684518933,"remaining_time":0.3599584907},
{"learn":[0.3185430888],"iteration":911,"passed_time":3.688442006,"remaining_time":0.3559022989},
{"learn":[0.3184705069],"iteration":912,"passed_time":3.692025605,"remaining_time":0.35181405},
{"learn":[0.318430389],"iteration":913,"passed_time":3.695625801,"remaining_time":0.3477284671},
{"learn":[0.3183205931],"iteration":914,"passed_time":3.699184602,"remaining_time":0.3436400996},
{"learn":[0.3182442501],"iteration":915,"passed_time":3.702712242,"remaining_time":0.3395500309},
{"learn":[0.3181599974],"iteration":916,"passed_time":3.706725338,"remaining_time":0.3355051287},
{"learn":[0.3180839785],"iteration":917,"passed_time":3.7103378,"remaining_time":0.3314245094},
{"learn":[0.3179336657],"iteration":918,"passed_time":3.719312828,"remaining_time":0.3278175615},
{"learn":[0.3178666426],"iteration":919,"passed_time":3.727707727,"remaining_time":0.324148498},
{"learn":[0.3177611974],"iteration":920,"passed_time":3.731289717,"remaining_time":0.3200563384},
{"learn":[0.3176754875],"iteration":921,"passed_time":3.734916168,"remaining_time":0.3159690468},
{"learn":[0.3175743149],"iteration":922,"passed_time":3.738496168,"remaining_time":0.3118788786},
{"learn":[0.317494819],"iteration":923,"passed_time":3.742048697,"remaining_time":0.3077875552},
{"learn":[0.3173661984],"iteration":924,"passed_time":3.745742897,"remaining_time":0.3037088836},
{"learn":[0.3172739786],"iteration":925,"passed_time":3.749297797,"remaining_time":0.2996199103},
{"learn":[0.3171836222],"iteration":926,"passed_time":3.753011037,"remaining_time":0.2955445584},
{"learn":[0.3170794443],"iteration":927,"passed_time":3.756581864,"remaining_time":0.2914589378},
{"learn":[0.3170111196],"iteration":928,"passed_time":3.760106258,"remaining_time":0.2873708766},
{"learn":[0.3169407224],"iteration":929,"passed_time":3.763649389,"remaining_time":0.2832854379},
{"learn":[0.3168900784],"iteration":930,"passed_time":3.767238529,"remaining_time":0.2792045741},
{"learn":[0.3167857959],"iteration":931,"passed_time":3.772052679,"remaining_time":0.2752141439},
{"learn":[0.3167115994],"iteration":932,"passed_time":3.775592098,"remaining_time":0.2711304079},
{"learn":[0.316632643],"iteration":933,"passed_time":3.779170051,"remaining_time":0.2670505604},
{"learn":[0.3165248081],"iteration":934,"passed_time":3.782787516,"remaining_time":0.2629745332},
{"learn":[0.3164584913],"iteration":935,"passed_time":3.789217522,"remaining_time":0.2590917964},
{"learn":[0.3163644928],"iteration":936,"passed_time":3.793859924,"remaining_time":0.2550834314},
{"learn":[0.3162444593],"iteration":937,"passed_time":3.79759114,"remaining_time":0.2510134868},
{"learn":[0.3161600128],"iteration":938,"passed_time":3.801542944,"remaining_time":0.2469585938},
{"learn":[0.3160835641],"iteration":939,"passed_time":3.805108129,"remaining_time":0.2428792423},
{"learn":[0.3159923861],"iteration":940,"passed_time":3.809080807,"remaining_time":0.2388265331},
{"learn":[0.3159239907],"iteration":941,"passed_time":3.81267899,"remaining_time":0.2347509357},
{"learn":[0.3158401267],"iteration":942,"passed_time":3.816270695,"remaining_time":0.2306759593},
{"learn":[0.3157372773],"iteration":943,"passed_time":3.820045488,"remaining_time":0.2266128679},
{"learn":[0.3157109657],"iteration":944,"passed_time":3.823991725,"remaining_time":0.2225603649},
{"learn":[0.3155988917],"iteration":945,"passed_time":3.827634897,"remaining_time":0.2184907869},
{"learn":[0.315517294],"iteration":946,"passed_time":3.831315293,"remaining_time":0.2144241928},
{"learn":[0.3154284451],"iteration":947,"passed_time":3.834879272,"remaining_time":0.2103520276},
{"learn":[0.3153300652],"iteration":948,"passed_time":3.838481987,"remaining_time":0.2062830151},
{"learn":[0.3152052477],"iteration":949,"passed_time":3.841980453,"remaining_time":0.2022094975},
{"learn":[0.3150846879],"iteration":950,"passed_time":3.845556506,"remaining_time":0.198141187},
{"learn":[0.3149956094],"iteration":951,"passed_time":3.849189792,"remaining_time":0.1940767962},
{"learn":[0.3148903144],"iteration":952,"passed_time":3.852837565,"remaining_time":0.1900140247},
{"learn":[0.3148027114],"iteration":953,"passed_time":3.85640535,"remaining_time":0.1859482663},
{"learn":[0.3147131958],"iteration":954,"passed_time":3.859963132,"remaining_time":0.1818830795},
{"learn":[0.3146491133],"iteration":955,"passed_time":3.863590066,"remaining_time":0.1778221369},
{"learn":[0.3145776215],"iteration":956,"passed_time":3.872187728,"remaining_time":0.1739854465},
{"learn":[0.3145080561],"iteration":957,"passed_time":3.875918699,"remaining_time":0.1699254545},
{"learn":[0.314416498],"iteration":958,"passed_time":3.879504476,"remaining_time":0.1658599411},
{"learn":[0.3143286384],"iteration":959,"passed_time":3.883167668,"remaining_time":0.1617986528},
{"learn":[0.3142393757],"iteration":960,"passed_time":3.886865541,"remaining_time":0.1577396005},
{"learn":[0.3141604759],"iteration":961,"passed_time":3.890844981,"remaining_time":0.1536924213},
{"learn":[0.314076953],"iteration":962,"passed_time":3.894631131,"remaining_time":0.1496379562},
{"learn":[0.3139801565],"iteration":963,"passed_time":3.898295054,"remaining_time":0.1455794834},
{"learn":[0.3139124921],"iteration":964,"passed_time":3.90192505,"remaining_time":0.1415205977},
{"learn":[0.3138278337],"iteration":965,"passed_time":3.905536495,"remaining_time":0.137461947},
{"learn":[0.3137870077],"iteration":966,"passed_time":3.909187894,"remaining_time":0.1334055848},
{"learn":[0.3137180926],"iteration":967,"passed_time":3.912843988,"remaining_time":0.1293502145},
{"learn":[0.313627482],"iteration":968,"passed_time":3.916449196,"remaining_time":0.1252940403},
{"learn":[0.3135026953],"iteration":969,"passed_time":3.920164116,"remaining_time":0.1212421892},
{"learn":[0.3134296464],"iteration":970,"passed_time":3.924234128,"remaining_time":0.1172016372},
{"learn":[0.3133413625],"iteration":971,"passed_time":3.928015434,"remaining_time":0.113152708},
{"learn":[0.3132491082],"iteration":972,"passed_time":3.931618779,"remaining_time":0.1090993906},
{"learn":[0.3131424936],"iteration":973,"passed_time":3.935217554,"remaining_time":0.1050468751},
{"learn":[0.3130572172],"iteration":974,"passed_time":3.938945258,"remaining_time":0.1009985964},
{"learn":[0.3129941822],"iteration":975,"passed_time":3.942624499,"remaining_time":0.09694978276},
{"learn":[0.3128823937],"iteration":976,"passed_time":3.946284503,"remaining_time":0.09290127285},
{"learn":[0.3128042491],"iteration":977,"passed_time":3.950017576,"remaining_time":0.0888552011},
{"learn":[0.3127368403],"iteration":978,"passed_time":3.953580141,"remaining_time":0.08480611131},
{"learn":[0.3126765347],"iteration":979,"passed_time":3.957179616,"remaining_time":0.08075876767},
{"learn":[0.312587965],"iteration":980,"passed_time":3.960904286,"remaining_time":0.0767147619},
{"learn":[0.3125010584],"iteration":981,"passed_time":3.964772271,"remaining_time":0.07267403348},
{"learn":[0.3124517437],"iteration":982,"passed_time":3.968382014,"remaining_time":0.06862919048},
{"learn":[0.3123345642],"iteration":983,"passed_time":3.972534594,"remaining_time":0.06459405844},
{"learn":[0.3122293985],"iteration":984,"passed_time":3.976514642,"remaining_time":0.06055606054},
{"learn":[0.3121505474],"iteration":985,"passed_time":3.980391051,"remaining_time":0.05651670864},
{"learn":[0.3120618994],"iteration":986,"passed_time":3.983947661,"remaining_time":0.05247347476},
{"learn":[0.3119469874],"iteration":987,"passed_time":3.987654251,"remaining_time":0.04843304759},
{"learn":[0.3118874678],"iteration":988,"passed_time":3.991426603,"remaining_time":0.04439402693},
{"learn":[0.3118125459],"iteration":989,"passed_time":3.99510453,"remaining_time":0.04035459121},
{"learn":[0.3117044621],"iteration":990,"passed_time":3.998986846,"remaining_time":0.03631774128},
{"learn":[0.3116444714],"iteration":991,"passed_time":4.003127356,"remaining_time":0.03228328513},
{"learn":[0.3115534373],"iteration":992,"passed_time":4.006842098,"remaining_time":0.02824561399},
{"learn":[0.3114356285],"iteration":993,"passed_time":4.010592772,"remaining_time":0.02420880949},
{"learn":[0.3113819878],"iteration":994,"passed_time":4.014365383,"remaining_time":0.02017269037},
{"learn":[0.311328066],"iteration":995,"passed_time":4.018023484,"remaining_time":0.0161366405},
{"learn":[0.3112382974],"iteration":996,"passed_time":4.021727233,"remaining_time":0.01210148616},
{"learn":[0.3111676941],"iteration":997,"passed_time":4.025530529,"remaining_time":0.008067195449},
{"learn":[0.3110621885],"iteration":998,"passed_time":4.032326958,"remaining_time":0.004036363321},
{"learn":[0.3109339675],"iteration":999,"passed_time":4.042852427,"remaining_time":0}
]}